"ID","Description","GeneRatio","BgRatio","pvalue","p.adjust","qvalue","geneID","Count","GeneRatio_num"
"GO:0045087","innate immune response","132/3451","237/12859",2.97335575054719e-21,1.38261042400444e-18,1.38261042400444e-18,"C37A5.3/akir-1/apm-1/cebp-2/tli-1/F41C3.8/gst-6/gst-7/ins-11/sma-6/T19D12.4/maoc-1/aqp-1/ZK1320.2/ZK673.1/pqm-1/clec-66/F01D5.1/zip-2/tir-1/sma-3/gst-1/spp-1/R02D3.8/C34H4.1/lec-11/C17H12.8/H20E11.3/C49C8.5/pyp-1/ugt-44/lys-4/lys-6/clec-186/C32H11.4/C14C6.5/cnc-4/cnc-2/nhr-115/lys-7/F59B1.8/phat-5/nhr-57/F39G3.5/swt-7/F08F3.4/crn-2/C14C11.4/fos-1/K04A8.1/ZK1055.7/fbxa-105/akt-1/lys-3/zip-10/F35E12.9/F35E12.10/decr-1.1/atfs-1/cpr-3/C29F3.7/nhr-50/nhr-63/skr-3/F10A3.4/nhr-112/dkf-2/F16H6.10/ZK228.4/Y43F8B.2/irg-7/asp-14/spp-3/PDB1.1/sek-1/vem-1/clc-1/pgp-3/F18H3.4/akt-2/irg-1/C08E8.4/fbxc-58/C18E9.9/C25D7.5/nhr-139/C39H7.4/irg-2/C49G7.10/F01D5.3/F08G2.5/irg-4/F11D11.3/F13A7.11/F18G5.6/F22H10.2/thn-1/F31F7.1/gst-38/F35E12.2/F49F1.5/mul-1/F53A9.6/F54B8.4/F54B11.11/F55G11.2/F56D2.5/K08D8.4/K09D9.1/dod-17/K10D11.2/gst-5/T05B4.12/fbxa-59/fbxa-60/gst-13/Y17G7B.8/fbxa-150/Y47G6A.14/fbxa-30/fbxa-151/gstk-1/tsp-1/F56F10.1/fipr-22/C18D11.6/cdr-4/prx-11/F52E1.5/Y39G8B.9/M163.11/cnc-11",132,0.0382497826716894
"GO:0055085","transmembrane transport","138/3451","297/12859",1.86558185047222e-13,4.33747780234792e-11,4.33747780234792e-11,"str-176/haf-4/fpn-1.1/abtm-1/C09D4.1/zipt-2.4/pept-3/slc-25A42/slc-30A5/nstp-4/F41C3.2/zipt-3/C18H9.5/pmp-1/aqp-1/haf-2/nhx-2/sfxn-5/ctns-1/T09F3.2/vnut-1/hmit-1.3/wht-3/wht-1/F23F12.3/F56C9.3/ncx-7/vglu-3/K11D9.3/hut-1/ttm-1/aat-4/vdac-1/oat-1/aat-1/C47E12.2/F13B12.2/K08C7.1/pept-2/catp-8/trpa-1/nhx-9/abt-4/R09B5.11/T08B1.1/T22F3.11/Y61A9LA.1/cft-1/pst-1/slc-17.8/slc-17.7/sulp-8/aqp-4/C35A5.3/F17C11.12/zipt-16/spin-1/R10D12.1/F47B8.10/haf-3/T10C6.6/F11A5.9/slc-9B.2/pgp-9/C06H5.6/Y51A2D.18/slo-1/ncx-1/mrp-2/mrp-1/K09C4.1/clh-4/slcr-46.1/mct-4/sulp-2/C03B1.13/pept-1/cdf-1/kqt-1/pgp-10/spp-5/PDB1.1/sfxn-2/kqt-2/F47E1.2/slc-17.9/nhx-5/pgp-8/pgp-6/pbo-4/pgp-3/pgp-4/pgp-12/mct-3/nac-1/Y15E3A.4/nhx-1/cnnm-4/C05G5.1/ncx-6/C13C4.6/nhx-3/pgp-11/aat-2/spin-3/F10C2.7/F11D5.7/F14D7.6/slc-17.5/F25B4.7/slcr-46.3/F41C6.7/kvs-3/F45E10.2/F53H8.3/aat-7/slcf-1/K08F9.1/K09C4.4/K09C4.5/srf-3/R07E3.4/nac-2/aat-6/T11G6.4/pgp-7/T22F3.10/slc-17.4/W04C9.6/slc-46A/nhx-8/haf-7/zipt-15/Y66D12A.13/Y73E7A.3/B0361.11/F23F12.13/Y71G10AR.4",138,0.0399884091567662
"GO:0006511","ubiquitin-dependent protein catabolic process","49/3451","90/12859",2.551212499086e-08,3.07704918393574e-06,3.07704918393574e-06,"ubc-3/pas-3/ari-1.3/ari-1.2/ari-1.1/ubql-1/H05L14.2/pas-4/skr-1/hrdl-1/tli-1/pas-5/rpn-10/Y105E8A.14/ubh-4/C16D2.1/pas-7/rpn-9/F56D2.2/ubq-1/rpn-6.1/ubc-18/rpn-3/cul-1/plr-1/siah-1/uba-1/let-70/cul-6/pas-6/rbx-1/pas-2/math-33/C55A6.1/rpt-1/pas-1/skr-3/skr-5/C02B8.6/C17H11.6/C18B12.4/C01G6.4/F56D2.5/ubc-8/skr-4/skr-16/ubh-2/kel-8/ufd-1",49,0.0141987829614604
"GO:0043161","proteasome-mediated ubiquitin-dependent protein catabolic process","42/3451","73/12859",2.98829239231781e-08,3.07704918393574e-06,3.07704918393574e-06,"rpn-8/pas-3/rpt-5/ubql-1/wdr-23/pbs-7/pas-4/mel-26/pas-5/rpn-10/pbs-2/pry-1/rpt-4/rpn-11/pbs-3/cdc-48.2/cdc-48.1/rad-23/rpn-12/usp-14/rpn-2/rpt-3/bath-42/pbs-6/nhl-1/ubc-7/rpt-6/ubxn-2/siah-1/ubc-1/fem-1/rpn-1/rpn-7/pas-6/rpt-2/pas-2/rpt-1/aip-1/pas-1/ivns-1/kel-8/ufd-3",42,0.0121703853955375
"GO:0006749","glutathione metabolic process","33/3451","52/12859",3.30865503649004e-08,3.07704918393574e-06,3.07704918393574e-06,"C02D5.4/gst-6/gst-7/gst-16/gst-19/gsto-3/gsr-1/gst-1/gst-40/ethe-1/gst-4/gst-22/gsto-1/gst-42/gst-8/gst-44/gst-38/gst-12/gst-5/gst-9/T07E3.3/gst-13/Y38F2AR.12/gst-26/gst-28/gst-29/gst-31/gst-30/gstk-1/gst-25/gst-35/gst-34/gsto-2",33,0.00956244566792234
"GO:0050830","defense response to Gram-positive bacterium","35/3451","58/12859",8.13520211294969e-08,5.97637330158294e-06,5.97637330158294e-06,"ftn-2/gale-1/F43C11.7/sma-6/lgg-1/clec-61/unc-32/spp-1/ilys-3/clec-82/lgg-2/lys-4/thn-2/lys-7/C50F4.8/cyp-37B1/dkf-2/cebp-1/bar-1/spp-3/spp-5/sek-1/F53A9.8/lec-8/clc-1/nipi-3/clec-52/spl-2/clec-7/clec-264/math-38/clec-218/clec-60/spp-2/clec-172",35,0.0101419878296146
"GO:0036499","PERK-mediated unfolded protein response","17/3451","20/12859",8.99669099163024e-08,5.97637330158294e-06,5.97637330158294e-06,"dnj-28/ZK1307.8/ggtb-1/cbp-3/R02D3.8/clec-67/tbb-6/nas-38/dnj-7/acl-12/pek-1/F22E5.6/gst-38/F57B9.3/fbxa-60/Y58A7A.5/sdz-35",17,0.00492610837438424
"GO:0036498","IRE1-mediated unfolded protein response","49/3451","94/12859",1.57463859099866e-07,9.15258681017971e-06,9.15258681017971e-06,"ubxn-1/K02B12.7/hsp-70/ile-1/rrf-2/gale-1/ostb-1/cdc-48.2/stc-1/ZK1307.8/pdi-1/xbp-1/ckb-2/R07E5.7/C14B9.2/gst-1/F54C8.7/cnx-1/dpy-18/hut-1/gly-5/dsc-4/Y54G2A.18/skn-1/bre-1/C47E12.3/pept-2/imp-2/hsp-16.41/rft-2/ech-3/mpdu-1/sec-22/pdi-2/dhhc-10/hsp-3/T13C5.6/F41B4.3/C36B7.6/acl-12/lec-8/erd-2.1/F18H3.4/fis-2/rtcb-1/F22E5.6/ger-1/sdz-35/cdr-4",49,0.0141987829614604
"GO:0051603","proteolysis involved in protein catabolic process","27/3451","42/12859",4.04040432371421e-07,2.08754223391901e-05,2.08754223391901e-05,"Y65B4A.2/K07A3.3/app-1/pas-3/pbs-7/pas-4/pas-5/pbs-2/pbs-3/pas-7/pbs-6/W07B8.4/cpr-5/pas-6/cpr-4/tag-196/pas-2/cpr-1/F32H5.1/cpz-2/pas-1/cpr-3/cpl-1/R09F10.1/Y40H7A.10/Y70C5C.1/Y113G7B.15",27,0.00782381918284555
"GO:0050829","defense response to Gram-negative bacterium","50/3451","100/12859",6.27777420185859e-07,2.91916500386424e-05,2.91916500386424e-05,"cebp-2/ikb-1/gcy-35/bpnt-1/F41C3.8/T19D12.4/maoc-1/aqp-1/pqm-1/daf-7/zip-2/tir-1/xbp-1/gst-1/spp-1/kgb-1/grd-3/skn-1/T25B9.9/fic-1/thn-2/lipl-5/cnc-2/hsp-16.41/lys-7/nlp-31/elt-7/swt-7/gpa-3/F32G8.3/decr-1.1/atfs-1/egl-1/skr-3/nhr-112/dkf-2/cebp-1/spp-3/spp-5/sek-1/pgp-3/nipi-3/irg-1/irg-2/irg-4/thn-1/nlp-62/daf-8/prx-11/ced-9",50,0.0144885540423066
"GO:0042221","response to chemical","18/3451","26/12859",7.69188311107764e-06,0.000325156876968282,0.000325156876968282,"haf-4/abtm-1/ahr-1/haf-2/haf-3/pgp-9/pgp-10/pgp-8/pgp-6/pgp-3/pgp-4/pgp-12/gpx-3/pgp-11/gpx-2/pgp-7/haf-7/prdx-2",18,0.00521587945523037
"GO:1904070","ascaroside biosynthetic process","11/3451","13/12859",2.28478607150543e-05,0.000885354602708355,0.000885354602708355,"acox-1.1/acox-1.2/acox-1.4/acs-7/daf-22/acox-1.5/acox-3/dhs-28/cest-9.1/cest-3/cest-8",11,0.00318748188930745
"GO:0006629","lipid metabolic process","49/3451","109/12859",3.39163391636862e-05,0.0012034428743253,0.0012034428743253,"haf-4/fasn-1/art-1/gpcp-2/plc-3/pqm-1/acl-7/nhr-80/ads-1/klf-1/ZK370.4/C40H1.7/Y49E10.18/txt-4/elo-6/ipla-6/elo-1/fat-4/fat-3/B0035.13/elo-2/lipl-5/lipl-3/T21H3.1/acds-10/lipl-6/F28H7.3/lipl-1/fmo-4/acly-1/acl-4/gpcp-1/sur-5/ipla-2/sgk-1/C07E3.9/elo-3/lipl-7/F25A2.1/lipl-2/R08F11.1/nac-2/W02F12.2/Y46H3A.5/Y51H4A.5/elo-9/Y110A7A.7/seip-1/Y54G2A.45",49,0.0141987829614604
"GO:0006812","monoatomic cation transport","18/3451","28/12859",3.62326886893639e-05,0.0012034428743253,0.0012034428743253,"slc-30A5/nhx-2/F56C9.3/ncx-7/ttm-1/cua-1/ZK185.2/nhx-9/slc-9B.2/cdf-1/PDB1.1/nhx-5/pbo-4/nhx-1/ncx-6/nhx-3/F41C6.7/nhx-8",18,0.00521587945523037
"GO:0006631","fatty acid metabolic process","28/3451","53/12859",5.14235498542478e-05,0.00159413004548168,0.00159413004548168,"acs-16/acbp-1/T05E7.1/asah-1/acox-1.1/acox-1.2/acox-1.4/mmcm-1/acox-1.5/ech-6/acdh-11/Y48A6B.9/T26C12.1/acox-3/paqr-1/ech-8/ZK550.6/acs-21/cpt-6/cpt-5/ech-1.1/sur-5/B0272.3/acox-1.6/F58A6.1/K05B2.4/W03D8.8/acs-2",28,0.00811359026369168
"GO:0042026","protein refolding","15/3451","22/12859",6.01776075209621e-05,0.00174891171857796,0.00174891171857796,"hsp-70/dnj-12/F44E5.4/hsp-12.2/hsp-12.3/hsp-12.6/hsp-1/hsp-16.2/hsp-16.41/hsp-6/hsp-3/F08H9.3/F08H9.4/F11F1.1/dnj-19",15,0.00434656621269197
"GO:0051664","nuclear pore localization","10/3451","12/12859",7.25780742486959e-05,0.00198522379562609,0.00198522379562609,"ego-1/ifb-2/ifb-1/ifc-1/ifc-2/ifd-2/ifp-1/ifa-1/mua-6/ifd-1",10,0.00289771080846132
"GO:0010623","programmed cell death involved in cell development","11/3451","14/12859",8.05722273661621e-05,0.00208144920695919,0.00208144920695919,"rpn-8/rpn-11/mig-5/mig-14/ubq-1/rpn-3/siah-1/uba-1/let-70/rbx-1/bar-1",11,0.00318748188930745
"GO:0006950","response to stress","16/3451","25/12859",0.000107595413112954,0.00261798351428166,0.00261798351428166,"hsp-70/F44E5.4/hsp-110/lys-4/lys-6/hsp-1/lys-7/hsp-6/lys-3/hsp-3/mek-1/F22H10.2/F53A9.1/kreg-1/F53A9.6/F53A9.7",16,0.00463633729353811
"GO:0006508","proteolysis","94/3451","250/12859",0.00011260144147448,0.00261798351428166,0.00261798351428166,"Y65B4A.2/K12C11.1/K07A3.3/Y47G6A.19/app-1/usp-5/suro-1/fce-1/F26E4.3/ZC434.9/kpc-1/rpn-11/ctsa-1.1/ctsa-4.1/ctsa-3.1/ubh-4/nas-25/myrf-1/rpn-12/nep-1/ctsa-1.2/usp-14/clp-4/Y71H2AM.11/dpy-31/zmp-6/pcp-1/pcp-5/dpf-6/T16G12.1/lonp-2/ppgn-1/Y67D8C.9/ddi-1/pcp-3/imp-2/Y67H2A.7/srp-1/W07B8.4/cpr-5/cpr-8/zmp-3/cpr-4/asp-5/tag-196/F36D4.5/AC3.5/math-33/cpr-1/lap-2/F32H5.1/cpz-2/zmp-4/cpr-3/cpl-1/asp-1/pcp-4/gcp-2.1/nas-38/acn-1/C26B9.5/asp-14/asp-3/adt-2/R09F10.1/adt-1/adm-2/Y16B4A.2/usp-33/wrt-4/svh-1/asp-9/hrg-7/C44B7.11/rom-1/F27D9.7/nas-29/nas-31/nep-18/nas-3/M04C9.1/M04C9.3/T12E12.6/T23G4.2/Y40H7A.10/lact-9/Y70C5C.1/Y113G7B.15/nep-25/F56F10.1/ubh-2/Y94H6A.10/asp-16/asp-2",94,0.0272384815995364
"GO:0007097","nuclear migration","13/3451","19/12859",0.000181587804201994,0.00402087280732986,0.00402087280732986,"anc-1/nud-2/ifb-2/ifb-1/dnc-2/ifc-1/ifc-2/ifd-2/ifp-1/ifa-1/unc-84/mua-6/ifd-1",13,0.00376702405099971
"GO:0006635","fatty acid beta-oxidation","17/3451","29/12859",0.000305290060208612,0.00645272172713658,0.00645272172713658,"acox-1.1/acox-1.2/acox-1.4/Y25C1A.13/pmp-1/maoc-1/ech-4/acox-1.5/ech-6/acox-3/ech-8/decr-1.1/ech-1.1/dhs-28/B0272.3/acox-1.6/F58A6.1",17,0.00492610837438424
"GO:0007010","cytoskeleton organization","14/3451","22/12859",0.000321113314874849,0.00649207353986107,0.00649207353986107,"anc-1/ifb-2/ifb-1/fozi-1/tag-77/ifc-1/ifc-2/ifd-2/ifp-1/ifa-1/mua-6/cas-1/ifd-1/F10C1.8",14,0.00405679513184584
"GO:0009058","biosynthetic process","23/3451","45/12859",0.000446501898417643,0.00865097428184183,0.00865097428184183,"Y65B4A.8/Y47D9A.1/fasn-1/acox-1.1/acox-1.2/acox-1.4/eif-2Bgamma/F57C2.5/acox-1.5/elo-6/acox-3/elo-1/T25B9.1/alh-3/sptl-3/T13C5.6/F38B6.4/tatn-1/nkat-3/acox-1.6/elo-3/elo-9/Y18H1A.11",23,0.00666473485946103
"GO:0030968","endoplasmic reticulum unfolded protein response","26/3451","54/12859",0.00064227048332872,0.0119462309899142,0.0119462309899142,"hsp-70/hrdl-1/Y105E8A.2/abu-11/xbp-1/ckb-2/C14B9.2/cnx-1/dsc-4/D2096.6/bre-1/hsp-16.41/F10C2.5/pdi-2/hsp-3/F41B4.3/pdi-6/dnj-7/lec-8/pek-1/abu-1/pqn-2/abu-15/pqn-54/cdr-4/abu-4",26,0.00753404810199942
"GO:0006633","fatty acid biosynthetic process","19/3451","37/12859",0.00128443793805784,0.0229716785075729,0.0229716785075729,"fasn-1/art-1/dbt-1/acs-7/mlcd-1/Y48A6B.9/elo-5/elo-6/elo-1/fat-4/fat-3/T28F3.5/elo-2/fat-5/acly-1/dhs-25/elo-3/hpo-8/elo-9",19,0.0055056505360765
"GO:0006814","sodium ion transport","24/3451","51/12859",0.00153099920350487,0.0263672085048061,0.0263672085048061,"nhx-2/vnut-1/ncx-7/vglu-3/nhx-9/slc-17.8/slc-17.7/ncx-1/mec-10/slc-17.9/nhx-5/pbo-4/nac-1/nhx-1/mec-4/ncx-6/acd-1/acd-3/nhx-3/slc-17.5/nac-2/slc-17.4/asic-2/nhx-8",24,0.00695450594030716
"GO:0051453","regulation of intracellular pH","9/3451","13/12859",0.00171042189993674,0.0284052208382351,0.0284052208382351,"nhx-2/nhx-9/cln-3.3/vha-12/nhx-5/pbo-4/nhx-1/nhx-3/nhx-8",9,0.00260793972761518
"GO:0006418","tRNA aminoacylation for protein translation","12/3451","20/12859",0.00182429877876435,0.0292516873146698,0.0292516873146698,"nars-1/glp-4/Y105E8A.20/rars-2/kars-1/tars-1/gars-1/pars-1/dars-1/sars-1/iars-1/mars-1",12,0.00347725297015358
"GO:0050832","defense response to fungus","14/3451","25/12859",0.00191859425296973,0.0293829752569558,0.0293829752569558,"sma-6/tir-1/sma-3/cnc-4/cnc-2/lys-7/nlp-31/nlp-29/sek-1/gpa-12/nipi-3/dcar-1/sta-2/cnc-11",14,0.00405679513184584
"GO:0042761","very long-chain fatty acid biosynthetic process","8/3451","11/12859",0.00195886501713038,0.0293829752569558,0.0293829752569558,"art-1/elo-5/elo-6/elo-1/elo-2/elo-3/hpo-8/elo-9",8,0.00231816864676905
"GO:0006665","sphingolipid metabolic process","17/3451","33/12859",0.00219047666394454,0.031830364022944,0.031830364022944,"T27F6.6/asah-1/gba-1/cgt-3/asm-1/sms-3/spl-1/asm-3/gba-4/sms-1/sptl-3/hyl-2/cgt-2/W02F12.2/sms-5/lagr-1/F13H10.8",17,0.00492610837438424
"GO:0006869","lipid transport","16/3451","31/12859",0.00286554816490377,0.0399514088787138,0.0399514088787138,"vps-51/obr-4/tat-5/F07F6.8/nrf-6/daf-22/dsc-4/abt-4/cav-2/nrf-5/ncr-1/vit-2/atg-2/vit-1/lpr-6/lpr-4",16,0.00463633729353811
"GO:0008610","lipid biosynthetic process","10/3451","16/12859",0.00292117828360488,0.0399514088787138,0.0399514088787138,"drd-1/ads-1/emb-8/elo-6/elo-1/T13C5.6/elo-3/F35C8.5/F49E12.10/elo-9",10,0.00289771080846132
"GO:0006915","apoptotic process","28/3451","65/12859",0.00335071708972928,0.0445166699064034,0.0445166699064034,"hlh-3/mcd-1/klf-1/cgh-1/ced-11/crn-6/ced-2/ced-10/drp-1/asp-5/ape-1/egl-1/cpl-1/asp-1/crn-4/asp-14/asp-3/dct-1/nuc-1/asp-9/hrg-7/ced-8/fis-2/sav-1/Y40H7A.10/asp-16/asp-2/ced-9",28,0.00811359026369168
"GO:0006998","nuclear envelope organization","9/3451","14/12859",0.00365017999099732,0.0448757397383071,0.0448757397383071,"ifb-2/ifb-1/ifc-1/ifc-2/ifd-2/ifp-1/ifa-1/mua-6/ifd-1",9,0.00260793972761518
"GO:0090435","protein localization to nuclear envelope","9/3451","14/12859",0.00365017999099732,0.0448757397383071,0.0448757397383071,"ifb-2/ifb-1/ifc-1/ifc-2/ifd-2/ifp-1/ifa-1/mua-6/ifd-1",9,0.00260793972761518
"GO:0098869","cellular oxidant detoxification","15/3451","29/12859",0.00375373562179691,0.0448757397383071,0.0448757397383071,"C02D5.4/mlt-7/R53.5/gsto-3/gsr-1/pxn-2/gpx-3/gsto-1/gst-44/gpx-7/gpx-2/T07E3.3/pxn-1/gstk-1/gsto-2",15,0.00434656621269197
"GO:1902600","proton transmembrane transport","23/3451","51/12859",0.00376377171998705,0.0448757397383071,0.0448757397383071,"vha-10/pept-3/nhx-2/vha-4/vha-9/vha-6/unc-32/vha-11/vha-8/vha-5/nhx-9/slc-9B.2/vha-12/nnt-1/nhx-5/pbo-4/nhx-1/catp-2/nhx-3/otpl-6/nhx-8/otpl-3/vha-13",23,0.00666473485946103
"GO:0032456","endocytic recycling","10/3451","17/12859",0.00539741244393554,0.0627449196607507,0.0627449196607507,"rab-8/vps-51/snx-27/alx-1/hgrs-1/fat-3/ehbp-1/num-1/snx-17/rab-10",10,0.00289771080846132
"GO:0007015","actin filament organization","16/3451","33/12859",0.00632261899222473,0.0716574222095708,0.0716574222095708,"spe-15/unc-94/unc-87/cpn-1/hum-1/cpn-4/cdc-42/B0303.7/hipr-1/ced-10/rho-1/crp-1/hum-6/tth-1/cas-1/W02H5.2",16,0.00463633729353811
"GO:0000045","autophagosome assembly","13/3451","25/12859",0.00647228329634833,0.0716574222095708,0.0716574222095708,"lgg-1/atg-13/epg-9/ubxn-2/bec-1/allo-1/lgg-2/atg-7/rab-1/atg-16.1/atg-2/epg-6/Y105C5A.24",13,0.00376702405099971
"GO:0051085","chaperone cofactor-dependent protein refolding","9/3451","15/12859",0.00696344889749011,0.075302412496114,0.075302412496114,"bag-1/hsp-70/F44E5.4/hsp-1/hsp-6/hsp-3/tor-1/dnj-13/F11F1.1",9,0.00260793972761518
"GO:0000423","mitophagy","10/3451","18/12859",0.00924946347572153,0.0955777892491225,0.0955777892491225,"lgg-1/atg-13/bec-1/lgg-2/atg-7/dct-1/sqst-2/Y105C5A.24/sqst-5/ced-9",10,0.00289771080846132
"GO:0015749","monosaccharide transmembrane transport","10/3451","18/12859",0.00924946347572153,0.0955777892491225,0.0955777892491225,"F13B12.2/R09B5.11/Y61A9LA.1/K09C4.1/C03B1.13/F11D5.7/F53H8.3/K08F9.1/K09C4.4/K09C4.5",10,0.00289771080846132
"GO:0005975","carbohydrate metabolic process","34/3451","88/12859",0.010249679742557,0.103610893049761,0.103610893049761,"T19H5.6/ipgm-1/gpdh-1/chil-24/R11F4.1/aagr-2/sqv-8/atgp-2/ZK632.4/gpdh-2/T03F6.3/tre-2/klo-1/aagr-1/C47E12.3/atgp-1/hex-2/EGAP9.3/tre-3/F10C2.5/gana-1/C50B6.7/cht-1/bgal-2/hex-5/klo-2/fut-2/R08F11.1/chil-23/lmd-5/T26E4.4/T26H5.8/bre-4/T04A8.7",34,0.00985221674876847
"GO:0006516","glycoprotein catabolic process","7/3451","11/12859",0.0114163432157234,0.112948927559817,0.112948927559817,"C17B7.5/C04E12.4/F35F10.1/txt-11/W04G5.5/C14B1.3/Y50D4B.4",7,0.00202839756592292
"GO:0016042","lipid catabolic process","20/3451","47/12859",0.0141649996400139,0.137223434012635,0.137223434012635,"lid-1/lips-10/plc-3/Y54F10AM.8/ZK370.4/ipla-6/faah-1/lipl-5/lipl-3/abhd-5.2/lipl-1/paf-2/pcca-1/ipla-2/C07E3.9/lipl-7/lipl-2/lips-17/fil-1/lips-6",20,0.00579542161692263
"GO:0008645","hexose transmembrane transport","10/3451","19/12859",0.0148890989712108,0.141294510645163,0.141294510645163,"F13B12.2/R09B5.11/Y61A9LA.1/K09C4.1/C03B1.13/F11D5.7/F53H8.3/K08F9.1/K09C4.4/K09C4.5",10,0.00289771080846132
"GO:0008340","determination of adult lifespan","69/3451","204/12859",0.0157336527844425,0.146322970895315,0.146322970895315,"taf-4/acbp-1/aap-1/wdr-23/eif-2beta/hsp-70/aha-1/glp-4/npp-4/F43C11.7/vhp-1/lgg-1/kars-1/nhx-2/pah-1/mnk-1/cdc-48.1/pqm-1/tars-1/eat-2/nhr-80/mxl-2/daf-7/klf-1/glod-4/xbp-1/rpn-6.1/ubc-18/mml-1/cgh-1/hsp-110/pde-2/cul-1/rsks-1/kgb-1/dcap-1/egl-4/skn-1/bec-1/qns-1/daf-14/atg-7/him-6/hsp-1/elo-2/icl-1/fos-1/atg-18/cln-3.3/gpa-3/akt-1/dkf-2/skr-5/pha-4/pept-1/bar-1/mek-1/adt-2/dct-1/sma-5/bcat-1/bra-1/akt-2/cnnm-4/srr-4/daf-8/cnnm-5/nac-2/prdx-2",69,0.0199942045783831
"GO:0006897","endocytosis","28/3451","72/12859",0.0169883831566445,0.152466141730017,0.152466141730017,"spe-15/unc-57/hum-1/tat-5/F14B4.1/rab-5/ptr-23/cdc-42/alfa-1/ptr-8/rabn-5/hipr-1/cnt-2/sid-2/drp-1/bec-1/lst-4/crp-1/toca-1/hum-6/ptr-4/ptr-24/epn-1/daf-6/ppt-1/ptr-1/ptr-13/ptr-22",28,0.00811359026369168
"GO:0036503","ERAD pathway","16/3451","36/12859",0.0170499771397008,0.152466141730017,0.152466141730017,"ubql-1/Y105E8A.2/rpt-4/ubxn-3/cdc-48.2/cdc-48.1/xbp-1/vms-1/B0303.4/cnx-1/enpl-1/jamp-1/hsp-3/ubc-23/C14B1.3/ufd-1",16,0.00463633729353811
"GO:0061063","positive regulation of nematode larval development","7/3451","12/12859",0.0211076083909566,0.185189394373487,0.185189394373487,"kars-1/dbt-1/daf-22/eat-2/let-653/atfs-1/dhs-28",7,0.00202839756592292
"GO:1902475","L-alpha-amino acid transmembrane transport","11/3451","23/12859",0.0250112655971289,0.215374787086388,0.215374787086388,"slc-36.5/F21D12.3/ctns-1/atgp-2/snf-7/aat-4/aat-1/glt-1/aat-2/aat-7/aat-6",11,0.00318748188930745
"GO:0008286","insulin receptor signaling pathway","6/3451","10/12859",0.0278450772137966,0.231213587578847,0.231213587578847,"aap-1/egl-4/akt-1/ins-35/mxl-3/akt-2",6,0.00173862648507679
"GO:0019752","carboxylic acid metabolic process","6/3451","10/12859",0.0278450772137966,0.231213587578847,0.231213587578847,"ldh-1/mdh-2/spl-1/icl-1/spl-2/spl-3",6,0.00173862648507679
"GO:0030198","extracellular matrix organization","9/3451","18/12859",0.0302891379084864,0.242835329783555,0.242835329783555,"zmp-6/C18H7.1/fbl-1/zmp-3/zmp-4/adt-2/adt-1/C16E9.1/col-99",9,0.00260793972761518
"GO:0046513","ceramide biosynthetic process","9/3451","18/12859",0.0302891379084864,0.242835329783555,0.242835329783555,"T27F6.6/asm-1/sms-3/asm-3/sms-1/sptl-3/hyl-2/sms-5/lagr-1",9,0.00260793972761518
"GO:0030148","sphingolipid biosynthetic process","7/3451","13/12859",0.0352941058522656,0.278165410530568,0.278165410530568,"elo-5/elo-6/elo-1/elo-2/elo-3/hpo-8/elo-9",7,0.00202839756592292
"GO:0030522","intracellular receptor signaling pathway","20/3451","51/12859",0.0363067050814261,0.281376964381052,0.281376964381052,"nhr-64/ahr-1/aha-1/nhr-8/nhr-67/nhr-43/nhr-114/nhr-68/nhr-60/nhr-116/nhr-35/nhr-25/nhr-91/nhr-76/nhr-154/nhr-136/nhr-120/nhr-32/nhr-207/nhr-17",20,0.00579542161692263
"GO:0030163","protein catabolic process","9/3451","19/12859",0.0441491729520346,0.33111879714026,0.33111879714026,"mel-26/vhp-1/bath-42/lonp-2/bec-1/atg-7/atg-18/ppt-1/ubh-2",9,0.00260793972761518
"GO:0043065","positive regulation of apoptotic process","9/3451","19/12859",0.0441491729520346,0.33111879714026,0.33111879714026,"skr-1/wts-1/pal-1/cul-1/egl-1/dct-1/sav-1/sptf-3/ced-9",9,0.00260793972761518
"GO:0009653","anatomical structure morphogenesis","17/3451","43/12859",0.0474192105029195,0.349998934664406,0.349998934664406,"C48E7.6/T28F4.4/lin-31/fkh-8/cdc-42/unc-130/sma-3/sma-2/daf-14/let-653/fos-1/pha-4/daf-6/fkh-6/C30H6.5/ver-4/daf-8",17,0.00492610837438424
"GO:0006457","protein folding","28/3451","78/12859",0.0491119074149565,0.356828702311794,0.356828702311794,"tbca-1/fkb-5/cyn-15/dnj-12/pfd-2/cct-1/cct-4/stc-1/dnj-20/cyn-6/pdi-1/cct-5/cct-6/C14B9.2/hsp-110/dnj-10/cnx-1/enpl-1/hsp-6/fkb-3/fkb-4/ahsa-1/pdi-2/hsp-3/cyn-8/F53A3.7/dnj-13/dnj-19",28,0.00811359026369168
"GO:0003333","amino acid transmembrane transport","7/3451","14/12859",0.0545770270362468,0.378780859281414,0.378780859281414,"slc-36.5/atgp-2/aat-4/aat-1/aat-2/aat-7/aat-6",7,0.00202839756592292
"GO:0006637","acyl-CoA metabolic process","7/3451","14/12859",0.0545770270362468,0.378780859281414,0.378780859281414,"T05E7.1/C17C3.1/daf-22/C37H5.13/dhs-28/K05B2.4/W03D8.8",7,0.00202839756592292
"GO:0032446","protein modification by small protein conjugation","7/3451","14/12859",0.0545770270362468,0.378780859281414,0.378780859281414,"C28G1.10/ubc-3/ubc-18/ubc-7/ubc-1/uba-1/atg-7",7,0.00202839756592292
"GO:0006914","autophagy","18/3451","47/12859",0.0570915493916106,0.390405448045572,0.390405448045572,"tli-1/lgg-1/alfa-1/epg-4/atg-13/ikke-1/epg-9/bec-1/allo-1/lgg-2/atg-7/atg-18/atg-16.1/atg-2/dct-1/rbg-1/rab-39/epg-6",18,0.00521587945523037
"GO:0006730","one-carbon metabolic process","6/3451","12/12859",0.0740115076320123,0.484723254209658,0.484723254209658,"mel-32/sams-4/sams-3/alh-3/K07E3.4/sams-1",6,0.00173862648507679
"GO:0042742","defense response to bacterium","6/3451","12/12859",0.0740115076320123,0.484723254209658,0.484723254209658,"tir-1/ilys-3/skn-1/nlp-31/nlp-29/ilys-4",6,0.00173862648507679
"GO:0061067","negative regulation of dauer larval development","6/3451","12/12859",0.0740115076320123,0.484723254209658,0.484723254209658,"gcy-12/daf-7/egl-4/daf-14/ins-35/daf-8",6,0.00173862648507679
"GO:0016567","protein ubiquitination","37/3451","111/12859",0.0765739295276857,0.49453996153297,0.49453996153297,"Y54E10A.11/ari-1.3/ari-1.2/ari-1.1/H05L14.2/mel-26/ubc-25/znf-598/arc-1/F56D2.2/ubq-1/ubc-18/bath-42/nhl-1/ubc-7/cul-1/plr-1/lep-2/siah-1/ubc-1/fem-1/uba-1/let-70/cul-6/rbx-1/C55A6.1/skr-3/skr-5/C17H11.6/prx-12/gfi-3/mfb-1/F56D2.5/ZK993.2/skr-4/skr-16/kel-8",37,0.0107215299913069
"GO:0040024","dauer larval development","19/3451","52/12859",0.0799640906657584,0.509360303555858,0.509360303555858,"aap-1/sma-6/lgg-1/daf-7/ogt-1/bec-1/daf-14/atg-7/soc-1/natc-2/atg-18/gpa-3/mrp-1/ncr-1/bar-1/oga-1/sma-5/eak-4/daf-8",19,0.0055056505360765
"GO:0042594","response to starvation","10/3451","24/12859",0.0830240093995444,0.514888145969278,0.514888145969278,"pck-1/cul-1/kgb-1/fos-1/mek-1/ipla-2/nhr-154/nhr-136/nhr-207/Y105C5A.24",10,0.00289771080846132
"GO:0031146","SCF-dependent proteasomal ubiquitin-dependent protein catabolic process","9/3451","21/12859",0.0830464751563352,0.514888145969278,0.514888145969278,"skr-1/C16D2.1/cul-1/cul-6/skr-3/skr-5/skr-4/skr-16/C14B1.3",9,0.00260793972761518
"GO:0006355","regulation of DNA-templated transcription","117/3451","391/12859",0.0910308561605564,0.556965106771825,0.556965106771825,"nhr-64/pcaf-1/cebp-2/ahr-1/irx-1/aha-1/lin-31/nhr-16/fkh-8/nhr-22/efl-3/atf-2/myrf-1/unc-130/Y17G7B.17/nhr-80/zip-2/feh-1/nhr-6/xbp-1/tbx-2/sma-3/sma-2/ctr-9/lin-52/cbp-3/gtf-2H3/tbx-8/nhr-92/nhr-87/skn-1/nhr-8/nhr-11/nhr-4/daf-14/mec-3/nhr-67/nhr-43/C27D8.3/nhr-15/nhr-55/nhr-58/nhr-115/nhr-57/nhr-114/elt-7/fos-1/atf-8/nhr-42/C50F4.12/nhr-12/nhr-68/atfs-1/nhr-53/nhr-60/nhr-102/nhr-50/nhr-63/nhr-193/nhr-112/nhr-116/lsy-27/pha-4/cebp-1/nhr-35/nhr-45/ets-4/R09A8.2/nhr-25/K04C1.3/nhr-3/atf-4/nhr-91/nhr-28/fubl-3/fkh-6/nhr-76/nhr-154/nhr-136/nhr-120/nhr-139/nhr-170/nhr-172/nhr-121/dmd-5/nhr-176/nhr-180/nhr-182/nhr-183/nhr-134/nhr-184/nhr-143/K04F10.1/nhr-32/set-12/nhr-119/nhr-201/nhr-123/nhr-125/daf-8/nhr-207/zip-6/mab-10/nhr-213/nhr-226/nhr-228/nhr-238/nhr-247/nhr-17/nhr-84/tbx-7/lin-59/sta-2/nhr-138/zip-9/maf-1/nhr-291",117,0.0339032164589974
"GO:0018996","molting cycle, collagen and cuticulin-based cuticle","18/3451","50/12859",0.0982689565190574,0.589119477036524,0.589119477036524,"ptr-23/ptc-1/nas-25/myrf-1/ptr-8/rabn-5/dpy-31/rabx-5/nas-38/ptr-4/nhr-25/ptr-24/daf-6/nas-29/nas-31/ptr-1/ptr-13/ptr-22",18,0.00521587945523037
"GO:0012501","programmed cell death","12/3451","31/12859",0.101111691339963,0.589119477036524,0.589119477036524,"unc-57/vha-10/lgg-1/mcd-1/nob-1/ced-2/bec-1/nhr-67/atg-18/asp-1/asp-3/ced-8",12,0.00347725297015358
"GO:0006874","intracellular calcium ion homeostasis","5/3451","10/12859",0.101353888522413,0.589119477036524,0.589119477036524,"ncx-7/catp-8/tag-65/catp-5/ncx-6",5,0.00144885540423066
"GO:0007254","JNK cascade","5/3451","10/12859",0.101353888522413,0.589119477036524,0.589119477036524,"Y51B9A.9/kgb-1/C49C3.10/mek-1/kgb-2",5,0.00144885540423066
"GO:0007034","vacuolar transport","6/3451","13/12859",0.107197852014652,0.615395076380409,0.615395076380409,"did-2/vps-24/vps-32.1/vps-2/vps-60/C01A2.4",6,0.00173862648507679
"GO:0006612","protein targeting to membrane","7/3451","16/12859",0.109399408168601,0.620374692663409,0.620374692663409,"dhhc-2/vps-37/num-1/dhhc-10/dhhc-1/CD4.11/dhhc-4",7,0.00202839756592292
"GO:0006805","xenobiotic metabolic process","13/3451","35/12859",0.119376281545211,0.66617330807793,0.66617330807793,"ahr-1/klf-1/cyp-35C1/cyp-34A8/cyp-34A9/cyp-34A10/cyp-33E1/cyp-33C7/cyp-33E2/cyp-33C8/dach-1/cyp-34A2/cyp-33C3",13,0.00376702405099971
"GO:0009408","response to heat","17/3451","48/12859",0.120340984685045,0.66617330807793,0.66617330807793,"hsp-70/lgg-1/gcs-1/xbp-1/hsp-12.2/cnx-1/dcap-1/skn-1/hsp-12.3/hsp-12.6/hsp-1/hsp-16.2/hsp-16.41/swan-2/pept-1/F08H9.3/F08H9.4",17,0.00492610837438424
"GO:0007264","small GTPase mediated signal transduction","9/3451","23/12859",0.13738133489027,0.710401186437834,0.710401186437834,"rlbp-1/cdc-42/tag-325/rheb-1/T26C12.3/ced-10/rho-1/crp-1/tiam-1",9,0.00260793972761518
"GO:0008654","phospholipid biosynthetic process","9/3451","23/12859",0.13738133489027,0.710401186437834,0.710401186437834,"ckb-2/psd-1/acl-2/cka-2/acl-12/pssy-1/acl-1/cept-1/Y18H1A.11",9,0.00260793972761518
"GO:0034976","response to endoplasmic reticulum stress","8/3451","20/12859",0.141378684281999,0.710401186437834,0.710401186437834,"pdi-1/xbp-1/C14B9.2/kgb-1/pdi-2/pdi-6/pek-1/shc-1",8,0.00231816864676905
"GO:0090597","nematode male tail mating organ morphogenesis","8/3451","20/12859",0.141378684281999,0.710401186437834,0.710401186437834,"ptr-23/sma-3/sma-2/ptr-4/grd-1/wrt-4/smp-2/ptr-1",8,0.00231816864676905
"GO:0006520","amino acid metabolic process","7/3451","17/12859",0.144674022561909,0.710401186437834,0.710401186437834,"hgo-1/mmcm-1/C06A6.4/C10C5.3/R102.4/C27A7.5/tatn-1",7,0.00202839756592292
"GO:0001508","action potential","5/3451","11/12859",0.146182497281519,0.710401186437834,0.710401186437834,"eat-2/avr-15/kqt-1/kqt-2/kvs-3",5,0.00144885540423066
"GO:0006986","response to unfolded protein","5/3451","11/12859",0.146182497281519,0.710401186437834,0.710401186437834,"vhp-1/kgb-1/jamp-1/atfs-1/pek-1",5,0.00144885540423066
"GO:0043171","peptide catabolic process","5/3451","11/12859",0.146182497281519,0.710401186437834,0.710401186437834,"T16G12.1/Y67D8C.9/AC3.5/T12E12.6/Y70C5C.1",5,0.00144885540423066
"GO:0048468","cell development","5/3451","11/12859",0.146182497281519,0.710401186437834,0.710401186437834,"lron-11/irx-1/pry-1/lron-5/axl-1",5,0.00144885540423066
"GO:0006970","response to osmotic stress","6/3451","14/12859",0.146663470748456,0.710401186437834,0.710401186437834,"pmk-2/osm-6/swan-2/osm-5/osm-11/ssu-1",6,0.00173862648507679
"GO:0043053","dauer entry","6/3451","14/12859",0.146663470748456,0.710401186437834,0.710401186437834,"daf-22/daf-7/osm-5/dhs-28/tatn-1/daf-8",6,0.00173862648507679
"GO:0055088","lipid homeostasis","6/3451","14/12859",0.146663470748456,0.710401186437834,0.710401186437834,"lid-1/xbp-1/lipl-5/abhd-5.2/cebp-1/abhd-5.1",6,0.00173862648507679
"GO:0006413","translational initiation","15/3451","43/12859",0.153743047762756,0.737015641336925,0.737015641336925,"eif-2beta/eif-2Bbeta/eif-6/eif-2Bgamma/eif-2Bepsilon/ife-5/iffb-1/inf-1/abce-1/eif-1.A/C37C3.2/ZC443.3/C03H5.5/F57B9.3/C37C3.18",15,0.00434656621269197
"GO:0040014","regulation of multicellular organism growth","10/3451","27/12859",0.162873952492031,0.772820284783617,0.772820284783617,"eif-2beta/gcy-12/eat-2/pde-2/egl-4/bec-1/sma-5/pha-2/drag-1/lin-59",10,0.00289771080846132
"GO:0098655","monoatomic cation transmembrane transport","9/3451","24/12859",0.169995730184705,0.798464793291796,0.798464793291796,"F56C9.3/ced-11/ZK185.2/gtl-1/catp-8/PDB1.1/catp-5/ncx-6/F41C6.7",9,0.00260793972761518
"GO:0000956","nuclear-transcribed mRNA catabolic process","8/3451","21/12859",0.17727542835933,0.816169051357313,0.816169051357313,"Y47H10A.5/disl-2/smgl-2/exos-2/M01G12.7/M01G12.9/Y47H10A.3/C37H5.14",8,0.00231816864676905
"GO:0019915","lipid storage","8/3451","21/12859",0.17727542835933,0.816169051357313,0.816169051357313,"acbp-1/nhx-2/ech-4/ogt-1/pept-1/oga-1/seip-1/glo-1",8,0.00231816864676905
"GO:0008152","metabolic process","7/3451","18/12859",0.184569281323367,0.829612340410363,0.829612340410363,"eif-2Bbeta/upb-1/metr-1/F57B9.1/qns-1/him-6/nit-1",7,0.00202839756592292
"GO:0000209","protein polyubiquitination","11/3451","31/12859",0.186160996076141,0.829612340410363,0.829612340410363,"C28G1.10/ubc-3/mel-26/ubc-25/ubc-18/nhl-1/ubc-7/lep-2/ubc-1/let-70/ubc-8",11,0.00318748188930745
"GO:0007275","multicellular organism development","11/3451","31/12859",0.186160996076141,0.829612340410363,0.829612340410363,"kin-16/siah-1/cwn-2/hir-1/ddr-2/svh-2/F09A5.2/wrt-4/ver-4/F59F5.3/old-1",11,0.00318748188930745
"GO:0040018","positive regulation of multicellular organism growth","14/3451","41/12859",0.18733181880234,0.829612340410363,0.829612340410363,"wdr-23/sma-6/nhx-2/sma-3/sma-2/pde-2/dpy-18/sma-10/let-653/pept-1/adt-2/sma-5/nac-2/drag-1",14,0.00405679513184584
"GO:0006906","vesicle fusion","6/3451","15/12859",0.191589515689147,0.840463441466543,0.840463441466543,"syx-7/vamp-7/vamp-8/syx-2/snb-5/snb-1",6,0.00173862648507679
"GO:0035725","sodium ion transmembrane transport","13/3451","38/12859",0.197043966241139,0.843540733402948,0.843540733402948,"mod-5/snf-1/ncx-7/snf-7/pitr-1/slc-28.2/ncx-1/mec-10/mec-4/ncx-6/acd-1/acd-3/asic-2",13,0.00376702405099971
"GO:0006302","double-strand break repair","5/3451","12/12859",0.197733204174024,0.843540733402948,0.843540733402948,"ercc-1/cku-80/ztf-8/tank-1/JC8.7",5,0.00144885540423066
"GO:0006829","zinc ion transport","5/3451","12/12859",0.197733204174024,0.843540733402948,0.843540733402948,"zipt-2.4/slc-30A5/zipt-3/ttm-1/cdf-1",5,0.00144885540423066
"GO:0071805","potassium ion transmembrane transport","15/3451","45/12859",0.204601015990733,0.864904294869918,0.864904294869918,"nhx-2/nhx-9/twk-24/twk-33/slo-1/twk-26/kqt-1/nhx-5/pbo-4/nhx-1/nhx-3/kvs-3/nhx-8/twk-21/twk-4",15,0.00434656621269197
"GO:0006493","protein O-linked glycosylation","8/3451","22/12859",0.21667992017346,0.907713179105036,0.907713179105036,"gly-6/ogt-1/gly-11/gly-5/gly-10/gly-4/T09F5.1/bre-2",8,0.00231816864676905
"GO:0016055","Wnt signaling pathway","11/3451","32/12859",0.21876405041225,0.908261459300858,0.908261459300858,"kin-3/pry-1/Y105E8A.14/mig-5/mig-14/plr-1/cwn-2/C55A6.1/bar-1/C02B8.6/axl-1",11,0.00318748188930745
"GO:0015031","protein transport","55/3451","186/12859",0.220941216239308,0.909182880984763,0.909182880984763,"rab-11.1/did-2/copa-1/apm-1/vps-51/stam-1/pept-3/T23G11.7/rae-1/vps-28/eas-1/vps-24/arrd-7/vps-2/arrd-14/arl-3/mel-28/erd-2.2/npp-15/snap-29/cnt-2/ran-1/Y75B8A.6/npp-18/F45G2.8/sec-61.B/Y54G2A.18/copg-1/tram-1/pept-2/atg-7/lst-4/vti-1/arrd-18/arrd-19/vps-37/syx-18/chpf-1/vps-36/sec-22/pept-1/erd-2.1/prx-12/C01A2.4/mvb-12/tsg-101/arrd-9/snx-17/arrd-24/arrd-11/arrd-23/arrd-22/arrd-8/rab-10/T25G3.3",55,0.0159374094465372
"GO:1902476","chloride transmembrane transport","17/3451","53/12859",0.236160808652391,0.963287508976856,0.963287508976856,"glc-2/lgc-34/best-5/best-7/sulp-8/best-14/lgc-44/avr-15/glc-1/clh-4/sulp-2/best-9/best-13/best-17/lgc-32/best-21/lgc-43",17,0.00492610837438424
"GO:0032956","regulation of actin cytoskeleton organization","6/3451","16/12859",0.240903580201475,0.967692131282278,0.967692131282278,"pat-4/F23H11.4/ced-10/rho-1/hmp-1/toca-1",6,0.00173862648507679
"GO:0006082","organic acid metabolic process","11/3451","33/12859",0.253468671607944,0.967692131282278,0.967692131282278,"cyp-35C1/cyp-34A8/cyp-34A9/cyp-34A10/cyp-33E1/cyp-33C7/cyp-33E2/cyp-33C8/dach-1/cyp-34A2/cyp-33C3",11,0.00318748188930745
"GO:0009062","fatty acid catabolic process","5/3451","13/12859",0.254317799273632,0.967692131282278,0.967692131282278,"C17C3.1/faah-6/faah-2/faah-1/C37H5.13",5,0.00144885540423066
"GO:0006139","nucleobase-containing compound metabolic process","8/3451","23/12859",0.258972498991162,0.967692131282278,0.967692131282278,"ZK973.1/F13H8.3/ZK673.2/let-754/ZK1098.3/egal-1/Y43F8C.13/C29F7.3",8,0.00231816864676905
"GO:0006486","protein glycosylation","19/3451","61/12859",0.264319691032713,0.967692131282278,0.967692131282278,"ostd-1/T07D3.4/ostb-1/let-268/gly-6/ogt-1/C38H2.2/gly-11/gly-5/gly-10/F32D1.3/fut-8/gly-4/gly-13/algn-6/fut-2/T09F5.1/bre-2/bre-4",19,0.0055056505360765
"GO:0006646","phosphatidylethanolamine biosynthetic process","4/3451","10/12859",0.268456526742826,0.967692131282278,0.967692131282278,"ckb-2/psd-1/cka-2/cept-1",4,0.00115908432338453
"GO:0007031","peroxisome organization","4/3451","10/12859",0.268456526742826,0.967692131282278,0.967692131282278,"pmp-1/prx-12/prx-1/prx-3",4,0.00115908432338453
"GO:0009306","protein secretion","4/3451","10/12859",0.268456526742826,0.967692131282278,0.967692131282278,"rab-8/rab-5/copg-1/ehbp-1",4,0.00115908432338453
"GO:0015914","phospholipid transport","4/3451","10/12859",0.268456526742826,0.967692131282278,0.967692131282278,"tat-5/pitp-1/dsc-4/num-1",4,0.00115908432338453
"GO:0034198","cellular response to amino acid starvation","4/3451","10/12859",0.268456526742826,0.967692131282278,0.967692131282278,"T28F4.5/npp-18/F54B8.4/W02H5.2",4,0.00115908432338453
"GO:0040015","negative regulation of multicellular organism growth","4/3451","10/12859",0.268456526742826,0.967692131282278,0.967692131282278,"gcy-12/lon-1/egl-4/lon-2",4,0.00115908432338453
"GO:0043484","regulation of RNA splicing","4/3451","10/12859",0.268456526742826,0.967692131282278,0.967692131282278,"hrpf-1/sym-2/Y53G8AR.9/mbl-1",4,0.00115908432338453
"GO:0045732","positive regulation of protein catabolic process","4/3451","10/12859",0.268456526742826,0.967692131282278,0.967692131282278,"ubxn-1/ubxn-3/sma-6/ubxn-2",4,0.00115908432338453
"GO:0050821","protein stabilization","4/3451","10/12859",0.268456526742826,0.967692131282278,0.967692131282278,"bag-1/lin-56/pqm-1/F53A3.7",4,0.00115908432338453
"GO:1902742","apoptotic process involved in development","4/3451","10/12859",0.268456526742826,0.967692131282278,0.967692131282278,"ced-2/egl-1/ced-8/ced-9",4,0.00115908432338453
"GO:0010629","negative regulation of gene expression","16/3451","51/12859",0.277637650479676,0.993088519023458,0.993088519023458,"gld-1/skr-1/kars-1/efl-3/moe-3/eat-2/mxl-2/daf-7/tir-1/kgb-1/T25B9.9/rpt-2/gpa-3/fox-1/pek-1/nipi-3",16,0.00463633729353811
"GO:0009791","post-embryonic development","9/3451","27/12859",0.285054458422807,0.996618971177483,0.996618971177483,"nhr-80/sma-3/sma-2/daf-14/fat-5/sma-5/unc-84/daf-8/ppt-1",9,0.00260793972761518
"GO:0030421","defecation","9/3451","27/12859",0.285054458422807,0.996618971177483,0.996618971177483,"aex-1/wts-1/hipr-1/fat-3/gtl-1/kqt-2/pbo-4/flr-4/snb-1",9,0.00260793972761518
"GO:0031507","heterochromatin formation","9/3451","27/12859",0.285054458422807,0.996618971177483,0.996618971177483,"ifb-2/ifb-1/ifc-1/ifc-2/ifd-2/ifp-1/ifa-1/mua-6/ifd-1",9,0.00260793972761518
"GO:0007169","transmembrane receptor protein tyrosine kinase signaling pathway","11/3451","34/12859",0.289907359191967,0.999999999999151,0.999999999999151,"M176.9/kin-16/hir-1/num-1/ddr-2/svh-2/F09A5.2/ver-4/F59F5.3/Y47G6A.5/old-1",11,0.00318748188930745
"GO:0000132","establishment of mitotic spindle orientation","12/3451","38/12859",0.309089646289903,0.999999999999151,0.999999999999151,"nud-2/mel-26/npp-4/insc-1/cdc-42/mig-5/mig-14/dnc-2/ubxn-2/ced-10/R07E4.1/bar-1",12,0.00347725297015358
"GO:0035194","regulatory ncRNA-mediated post-transcriptional gene silencing","12/3451","38/12859",0.309089646289903,0.999999999999151,0.999999999999151,"ego-1/haf-2/wht-1/sid-2/ergo-1/sid-1/sago-1/mrp-1/pgp-4/sid-3/pgp-11/sid-5",12,0.00347725297015358
"GO:0061065","regulation of dauer larval development","5/3451","14/12859",0.314125759565397,0.999999999999151,0.999999999999151,"daf-7/strm-1/daf-14/daf-8/drag-1",5,0.00144885540423066
"GO:0006879","intracellular iron ion homeostasis","4/3451","11/12859",0.338327400720715,0.999999999999151,0.999999999999151,"abtm-1/ftn-2/glrx-3/ftn-1",4,0.00115908432338453
"GO:0016226","iron-sulfur cluster assembly","4/3451","11/12859",0.338327400720715,0.999999999999151,0.999999999999151,"F39H2.3/nubp-1/oxy-4/hsp-6",4,0.00115908432338453
"GO:0030536","larval feeding behavior","4/3451","11/12859",0.338327400720715,0.999999999999151,0.999999999999151,"eat-2/daf-7/act-5/egl-4",4,0.00115908432338453
"GO:0045176","apical protein localization","4/3451","11/12859",0.338327400720715,0.999999999999151,0.999999999999151,"apm-1/rab-5/wts-1/insc-1",4,0.00115908432338453
"GO:0048680","positive regulation of axon regeneration","4/3451","11/12859",0.338327400720715,0.999999999999151,0.999999999999151,"faah-1/ddr-2/svh-2/shc-1",4,0.00115908432338453
"GO:0071577","zinc ion transmembrane transport","4/3451","11/12859",0.338327400720715,0.999999999999151,0.999999999999151,"zipt-2.4/zipt-3/ttm-1/cdf-1",4,0.00115908432338453
"GO:2000114","regulation of establishment of cell polarity","4/3451","11/12859",0.338327400720715,0.999999999999151,0.999999999999151,"acy-3/let-754/ric-8/kri-1",4,0.00115908432338453
"GO:0007168","receptor guanylyl cyclase signaling pathway","6/3451","18/12859",0.3478040040729,0.999999999999151,0.999999999999151,"gcy-28/gcy-12/egl-4/pkg-2/gcy-4/gcy-5",6,0.00173862648507679
"GO:0060070","canonical Wnt signaling pathway","6/3451","18/12859",0.3478040040729,0.999999999999151,0.999999999999151,"mig-1/pry-1/mig-5/mig-14/cwn-2/bar-1",6,0.00173862648507679
"GO:0006099","tricarboxylic acid cycle","8/3451","25/12859",0.349419946395664,0.999999999999151,0.999999999999151,"sdha-2/sdhb-1/sucl-2/mdh-2/idh-1/icl-1/suca-1/idh-2",8,0.00231816864676905
"GO:0045214","sarcomere organization","8/3451","25/12859",0.349419946395664,0.999999999999151,0.999999999999151,"dyb-1/unc-94/unc-45/igdb-2/hcp-2/slo-1/unc-78/sorb-1",8,0.00231816864676905
"GO:0016477","cell migration","13/3451","43/12859",0.361645955546599,0.999999999999151,0.999999999999151,"crml-1/nud-2/mig-5/B0303.7/fozi-1/ced-2/ced-10/nhr-67/rho-1/hmp-1/lon-2/svh-2/gpn-1",13,0.00376702405099971
"GO:0016192","vesicle-mediated transport","28/3451","97/12859",0.362084168951262,0.999999999999151,0.999999999999151,"copa-1/apm-1/syx-7/K05C4.2/eas-1/arc-1/arl-3/erd-2.2/rab-30/rabx-5/scav-2/vamp-7/Y54G2A.18/copg-1/vamp-8/vti-1/clic-1/sedl-1/erd-2.1/scav-4/syx-2/rab-39/E03H4.8/scav-6/snt-3/snb-5/snb-1/T10F2.5",28,0.00811359026369168
"GO:0009190","cyclic nucleotide biosynthetic process","7/3451","22/12859",0.374319244878116,0.999999999999151,0.999999999999151,"gcy-28/gcy-35/gcy-12/acy-3/acy-4/gcy-4/gcy-5",7,0.00202839756592292
"GO:0042147","retrograde transport, endosome to Golgi","7/3451","22/12859",0.374319244878116,0.999999999999151,0.999999999999151,"vps-51/eas-1/vti-1/hsp-1/snx-1/tbc-1/tbc-10",7,0.00202839756592292
"GO:0042661","regulation of mesodermal cell fate specification","7/3451","22/12859",0.374319244878116,0.999999999999151,0.999999999999151,"cgt-3/unc-130/lon-1/sma-3/sma-2/sma-10/lon-2",7,0.00202839756592292
"GO:0006955","immune response","5/3451","15/12859",0.375393881503522,0.999999999999151,0.999999999999151,"clec-196/clec-204/clec-1/cpl-1/Y38H6C.8",5,0.00144885540423066
"GO:0016311","dephosphorylation","5/3451","15/12859",0.375393881503522,0.999999999999151,0.999999999999151,"F26A3.4/vhp-1/pph-4.1/gob-1/K08B12.3",5,0.00144885540423066
"GO:0006182","cGMP biosynthetic process","6/3451","19/12859",0.402931035455118,0.999999999999151,0.999999999999151,"gcy-28/gcy-35/gcy-12/acy-4/gcy-4/gcy-5",6,0.00173862648507679
"GO:0051028","mRNA transport","6/3451","19/12859",0.402931035455118,0.999999999999151,0.999999999999151,"rae-1/rha-1/mel-28/npp-15/Y75B8A.6/npp-18",6,0.00173862648507679
"GO:0000212","meiotic spindle organization","4/3451","12/12859",0.40862449899406,0.999999999999151,0.999999999999151,"aspm-1/zyg-9/cls-2/hcp-2",4,0.00115908432338453
"GO:0006865","amino acid transport","4/3451","12/12859",0.40862449899406,0.999999999999151,0.999999999999151,"mod-5/sfxn-5/snf-7/aat-6",4,0.00115908432338453
"GO:0016540","protein autoprocessing","4/3451","12/12859",0.40862449899406,0.999999999999151,0.999999999999151,"myrf-1/psd-1/grd-1/wrt-4",4,0.00115908432338453
"GO:0031103","axon regeneration","4/3451","12/12859",0.40862449899406,0.999999999999151,0.999999999999151,"ced-10/cebp-1/svh-2/svh-1",4,0.00115908432338453
"GO:0042395","ecdysis, collagen and cuticulin-based cuticle","4/3451","12/12859",0.40862449899406,0.999999999999151,0.999999999999151,"myrf-1/gsr-1/imp-2/acn-1",4,0.00115908432338453
"GO:0043652","engulfment of apoptotic cell","4/3451","12/12859",0.40862449899406,0.999999999999151,0.999999999999151,"nex-1/ced-2/ced-10/ced-8",4,0.00115908432338453
"GO:0090727","positive regulation of brood size","4/3451","12/12859",0.40862449899406,0.999999999999151,0.999999999999151,"simr-1/cyd-1/prdx-2/ced-9",4,0.00115908432338453
"GO:1905905","pharyngeal gland morphogenesis","4/3451","12/12859",0.40862449899406,0.999999999999151,0.999999999999151,"dod-6/phat-5/B0507.1/pha-2",4,0.00115908432338453
"GO:0006887","exocytosis","9/3451","30/12859",0.414631590523755,0.999999999999151,0.999999999999151,"rab-11.1/rab-8/aex-1/ida-1/snap-29/vamp-8/syx-2/aex-4/rab-10",9,0.00260793972761518
"GO:0001666","response to hypoxia","7/3451","23/12859",0.424783446203659,0.999999999999151,0.999999999999151,"rhy-1/pqm-1/unc-32/nhr-57/egl-9/vha-12/cysl-1",7,0.00202839756592292
"GO:0006813","potassium ion transport","7/3451","23/12859",0.424783446203659,0.999999999999151,0.999999999999151,"slo-1/kqt-1/kqt-2/mec-10/mec-4/catp-2/kvs-3",7,0.00202839756592292
"GO:0007017","microtubule-based process","7/3451","23/12859",0.424783446203659,0.999999999999151,0.999999999999151,"zyg-9/klp-17/dnc-2/tba-7/tbb-6/tba-8/dlc-5",7,0.00202839756592292
"GO:0007052","mitotic spindle organization","7/3451","23/12859",0.424783446203659,0.999999999999151,0.999999999999151,"plk-2/air-2/zyg-9/tac-1/dnc-2/rmd-1/air-1",7,0.00202839756592292
"GO:0010628","positive regulation of gene expression","24/3451","85/12859",0.425776044949473,0.999999999999151,0.999999999999151,"ztf-6/lin-56/pqm-1/cyd-1/eat-2/daf-7/zip-2/tir-1/pde-2/rsks-1/kgb-1/egl-4/skn-1/acy-4/fos-1/gpa-3/atfs-1/sek-1/gpa-12/atf-4/nipi-3/gck-3/kri-1/sta-2",24,0.00695450594030716
"GO:0007610","behavior","5/3451","16/12859",0.436525836640815,0.999999999999151,0.999999999999151,"ahr-1/kin-3/gcy-35/mec-3/sprr-2",5,0.00144885540423066
"GO:0008150","biological_process","14/3451","49/12859",0.445345584795019,0.999999999999151,0.999999999999151,"sfxn-5/arc-1/clec-160/clec-180/dpy-20/gly-10/cgp-1/col-145/C47E8.4/gpcp-1/gst-8/mbl-1/M01A8.1/tbx-7",14,0.00405679513184584
"GO:0002183","cytoplasmic translational initiation","4/3451","13/12859",0.477205254425361,0.999999999999151,0.999999999999151,"eif-2beta/eif-2Bgamma/inf-1/F57B9.3",4,0.00115908432338453
"GO:0007032","endosome organization","4/3451","13/12859",0.477205254425361,0.999999999999151,0.999999999999151,"ZK632.12/alx-1/sqst-2/sqst-5",4,0.00115908432338453
"GO:0016197","endosomal transport","4/3451","13/12859",0.477205254425361,0.999999999999151,0.999999999999151,"rab-7/blos-2/lst-4/vps-4",4,0.00115908432338453
"GO:0046854","phosphatidylinositol phosphate biosynthetic process","4/3451","13/12859",0.477205254425361,0.999999999999151,0.999999999999151,"lfe-2/ttx-7/ppk-2/pifk-1",4,0.00115908432338453
"GO:0007283","spermatogenesis","14/3451","50/12859",0.479772819695991,0.999999999999151,0.999999999999151,"spe-15/ubxn-1/simr-1/ego-1/rpn-10/ubxn-3/rsp-2/cgh-1/tra-1/kgb-1/ubxn-2/uba-1/swm-1/gck-3",14,0.00405679513184584
"GO:0000165","MAPK cascade","8/3451","28/12859",0.489091303827196,0.999999999999151,0.999999999999151,"Y51B9A.9/C49C3.10/mek-1/sek-1/sma-5/flr-4/Y105C5A.24/F09C12.2",8,0.00231816864676905
"GO:0009966","regulation of signal transduction","5/3451","17/12859",0.496164756148216,0.999999999999151,0.999999999999151,"K10B4.3/szy-2/lon-2/gpn-1/ncs-3",5,0.00144885540423066
"GO:0040010","positive regulation of growth rate","5/3451","17/12859",0.496164756148216,0.999999999999151,0.999999999999151,"nhx-2/mcd-1/lon-1/ncr-1/pept-1",5,0.00144885540423066
"GO:0110039","positive regulation of nematode male tail tip morphogenesis","9/3451","32/12859",0.501512606910636,0.999999999999151,0.999999999999151,"inx-13/inx-12/cdc-42/rcan-1/sma-3/sma-2/php-3/nob-1/nhr-25",9,0.00260793972761518
"GO:0035556","intracellular signal transduction","28/3451","103/12859",0.505866766041032,0.999999999999151,0.999999999999151,"gcy-28/gcy-35/gcy-12/mig-5/mak-1/plc-3/mnk-1/acy-3/rei-1/szy-2/Y42G9A.3/mak-2/pmk-2/Y45F10A.7/acy-4/akt-1/dkf-2/rei-2/sax-1/kqt-1/sma-5/akt-2/sgk-1/M60.7/gck-3/gcy-4/gcy-5/F09C12.2",28,0.00811359026369168
"GO:0006644","phospholipid metabolic process","6/3451","21/12859",0.511077962897061,0.999999999999151,0.999999999999151,"F13H8.11/F35C11.5/acl-3/C07E3.9/R07B7.8/Y65B4BR.1",6,0.00173862648507679
"GO:0030001","metal ion transport","6/3451","21/12859",0.511077962897061,0.999999999999151,0.999999999999151,"zipt-2.4/zipt-3/ced-11/gtl-1/zipt-16/zipt-15",6,0.00173862648507679
"GO:0031647","regulation of protein stability","6/3451","21/12859",0.511077962897061,0.999999999999151,0.999999999999151,"usp-5/skr-1/rpt-4/cul-1/math-33/usp-33",6,0.00173862648507679
"GO:0046662","regulation of egg-laying behavior","11/3451","40/12859",0.52235967115364,0.999999999999151,0.999999999999151,"unc-38/hlh-3/pde-2/T16G12.1/egl-4/Y67D8C.9/cln-3.3/cav-2/ncr-1/sek-1/T12E12.6",11,0.00318748188930745
"GO:0040002","collagen and cuticulin-based cuticle development","7/3451","25/12859",0.52347529250684,0.999999999999151,0.999999999999151,"col-38/pah-1/dpy-18/vha-5/fat-3/bar-1/dao-4",7,0.00202839756592292
"GO:0001934","positive regulation of protein phosphorylation","3/3451","10/12859",0.528830906018318,0.999999999999151,0.999999999999151,"kars-1/cyb-1/pek-1",3,0.000869313242538395
"GO:0006825","copper ion transport","3/3451","10/12859",0.528830906018318,0.999999999999151,0.999999999999151,"F31E8.4/cua-1/K12C11.3",3,0.000869313242538395
"GO:0007614","short-term memory","3/3451","10/12859",0.528830906018318,0.999999999999151,0.999999999999151,"glr-1/add-1/syx-2",3,0.000869313242538395
"GO:0008360","regulation of cell shape","3/3451","10/12859",0.528830906018318,0.999999999999151,0.999999999999151,"fozi-1/ced-10/sax-1",3,0.000869313242538395
"GO:0035545","determination of left/right asymmetry in nervous system","3/3451","10/12859",0.528830906018318,0.999999999999151,0.999999999999151,"nsy-4/sek-1/nsy-7",3,0.000869313242538395
"GO:0043058","regulation of backward locomotion","3/3451","10/12859",0.528830906018318,0.999999999999151,0.999999999999151,"glr-1/bar-1/pag-3",3,0.000869313242538395
"GO:0050808","synapse organization","3/3451","10/12859",0.528830906018318,0.999999999999151,0.999999999999151,"nid-1/zig-10/zig-6",3,0.000869313242538395
"GO:0051307","meiotic chromosome separation","3/3451","10/12859",0.528830906018318,0.999999999999151,0.999999999999151,"cls-2/him-6/hcp-2",3,0.000869313242538395
"GO:0070482","response to oxygen levels","3/3451","10/12859",0.528830906018318,0.999999999999151,0.999999999999151,"gcy-35/pde-2/egl-4",3,0.000869313242538395
"GO:0006821","chloride transport","8/3451","29/12859",0.53415799667651,0.999999999999151,0.999999999999151,"glc-2/best-5/best-7/clh-4/best-9/best-13/best-17/best-21",8,0.00231816864676905
"GO:0002119","nematode larval development","45/3451","168/12859",0.535716245376534,0.999999999999151,0.999999999999151,"unc-94/sig-7/wts-1/gale-1/smu-1/riok-2/mlt-7/vhp-1/cgt-3/nhx-2/myrf-1/vha-6/rsp-2/cyd-1/mcd-1/feh-1/tbx-2/sma-3/dnj-10/prx-19/unc-32/cul-1/rsks-1/hut-1/act-5/dcap-1/ced-10/rpn-1/vha-5/uba-1/hars-1/klc-2/pept-1/prx-12/pek-1/sma-5/bcat-1/gpn-1/sgk-1/H06A10.1/pha-2/sptf-3/snb-1/lin-59/prx-6",45,0.0130396986380759
"GO:0030422","siRNA processing","5/3451","18/12859",0.553226583869491,0.999999999999151,0.999999999999151,"simr-1/ekl-1/ego-1/rrf-2/ergo-1",5,0.00144885540423066
"GO:0045944","positive regulation of transcription by RNA polymerase II","53/3451","199/12859",0.553365289435988,0.999999999999151,0.999999999999151,"set-29/pcaf-1/akir-1/F36F2.1/ahr-1/irx-1/aha-1/sma-6/atf-2/rha-1/hlh-3/nurf-1/nhr-80/daf-7/zip-2/nhr-6/tir-1/xbp-1/pal-1/sma-3/cit-1.2/tra-1/Y56A3A.28/skn-1/nhr-8/mec-3/nhr-67/tlp-1/elt-7/fos-1/ceh-22/atfs-1/lsy-27/pha-4/cebp-1/ets-4/bar-1/sek-1/yap-1/nhr-25/mxl-3/atf-4/nhr-76/F57G12.2/daf-8/tag-243/sptf-3/set-27/ceh-16/lin-59/lst-5/taf-10/zip-9",53,0.015357867284845
"GO:0000271","polysaccharide biosynthetic process","6/3451","22/12859",0.562362482154166,0.999999999999151,0.999999999999151,"oac-13/oac-24/oac-29/oac-30/oac-57/oac-51",6,0.00173862648507679
"GO:0042338","cuticle development involved in collagen and cuticulin-based cuticle molting cycle","6/3451","22/12859",0.562362482154166,0.999999999999151,0.999999999999151,"mlt-7/dpy-17/dpy-31/dpy-18/tpst-1/tsp-15",6,0.00173862648507679
"GO:0034220","monoatomic ion transmembrane transport","43/3451","162/12859",0.563962034104852,0.999999999999151,0.999999999999151,"inx-13/inx-12/inx-15/glc-2/unc-38/lgc-34/lgc-27/sfxn-5/vha-9/eat-2/glr-1/best-5/best-7/trpa-1/inx-6/lgc-44/twk-24/inx-11/avr-15/glc-1/twk-33/inx-3/kqt-1/sfxn-2/inx-5/mec-10/mec-4/lgc-9/acd-1/acd-3/best-9/best-13/lgc-12/inx-10/best-17/lgc-32/asic-2/best-21/acr-15/twk-21/twk-4/lgc-43/acr-25",43,0.0124601564763837
"GO:0010172","embryonic body morphogenesis","8/3451","30/12859",0.577622144368421,0.999999999999151,0.999999999999151,"sym-2/tbx-8/dpy-18/nob-1/ced-10/hmp-1/pxn-2/ceh-16",8,0.00231816864676905
"GO:0006979","response to oxidative stress","14/3451","53/12859",0.579845122051482,0.999999999999151,0.999999999999151,"dhs-3/mlt-7/pah-1/dcap-1/skn-1/pept-1/sek-1/pxn-2/gpx-3/gsto-1/gpx-7/gpx-2/pxn-1/prdx-2",14,0.00405679513184584
"GO:0007160","cell-matrix adhesion","3/3451","11/12859",0.60026972050492,0.999999999999151,0.999999999999151,"pat-4/F54D1.6/nid-1",3,0.000869313242538395
"GO:0007267","cell-cell signaling","3/3451","11/12859",0.60026972050492,0.999999999999151,0.999999999999151,"tir-1/grd-3/wrt-4",3,0.000869313242538395
"GO:0031581","hemidesmosome assembly","3/3451","11/12859",0.60026972050492,0.999999999999151,0.999999999999151,"pat-12/let-805/math-33",3,0.000869313242538395
"GO:0034606","response to hermaphrodite contact","3/3451","11/12859",0.60026972050492,0.999999999999151,0.999999999999151,"stam-1/kin-3/rcan-1",3,0.000869313242538395
"GO:0043410","positive regulation of MAPK cascade","3/3451","11/12859",0.60026972050492,0.999999999999151,0.999999999999151,"cebp-1/svh-2/svh-1",3,0.000869313242538395
"GO:0048731","system development","3/3451","11/12859",0.60026972050492,0.999999999999151,0.999999999999151,"C27B7.7/igdb-2/wrt-4",3,0.000869313242538395
"GO:0000413","protein peptidyl-prolyl isomerization","4/3451","15/12859",0.603180023593283,0.999999999999151,0.999999999999151,"sig-7/cyn-15/cyn-6/cyn-8",4,0.00115908432338453
"GO:0043413","macromolecule glycosylation","4/3451","15/12859",0.603180023593283,0.999999999999151,0.999999999999151,"EGAP9.3/fut-2/T26E4.4/T26H5.8",4,0.00115908432338453
"GO:0022414","reproductive process","24/3451","92/12859",0.604137434745784,0.999999999999151,0.999999999999151,"rab-8/msh-2/tat-5/lem-3/let-49/sma-6/nhx-2/pah-1/rha-1/sqv-8/polh-1/lon-1/ogt-1/rha-2/cul-1/kgb-1/dcap-1/rpn-1/him-6/elo-2/tam-1/pept-1/mek-1/sqv-6",24,0.00695450594030716
"GO:0006487","protein N-linked glycosylation","5/3451","19/12859",0.606903565446053,0.999999999999151,0.999999999999151,"ostd-1/algn-10/fut-8/gly-13/algn-6",5,0.00144885540423066
"GO:0007271","synaptic transmission, cholinergic","5/3451","19/12859",0.606903565446053,0.999999999999151,0.999999999999151,"dyb-1/unc-32/nid-1/acr-15/snb-1",5,0.00144885540423066
"GO:0009410","response to xenobiotic stimulus","5/3451","19/12859",0.606903565446053,0.999999999999151,0.999999999999151,"ahr-1/aha-1/cyp-35C1/slo-1/gbb-2",5,0.00144885540423066
"GO:0007638","mechanosensory behavior","6/3451","23/12859",0.610919788960227,0.999999999999151,0.999999999999151,"smu-1/mec-3/snx-1/mec-10/mec-4/vps-4",6,0.00173862648507679
"GO:0006811","monoatomic ion transport","32/3451","123/12859",0.615761129892179,0.999999999999151,0.999999999999151,"fpn-1.1/glc-2/unc-38/lgc-34/lgc-27/sfxn-5/eat-2/glr-1/ZK185.2/vha-8/vdac-1/trpa-1/lgc-44/avr-15/glc-1/slo-1/clh-4/kqt-1/sfxn-2/kqt-2/mec-10/F47E1.2/mec-4/cnnm-4/lgc-9/kvs-3/lgc-12/cnnm-5/lgc-32/acr-15/lgc-43/acr-25",32,0.00927267458707621
"GO:0045138","nematode male tail tip morphogenesis","17/3451","66/12859",0.624813483086596,0.999999999999151,0.999999999999151,"mab-31/kal-1/sma-6/unc-130/cyd-1/pvf-1/sma-3/sma-2/nob-1/ced-10/bec-1/uba-1/cdc-25.2/cyl-1/acn-1/ver-4/lin-59",17,0.00492610837438424
"GO:0031047","regulatory ncRNA-mediated gene silencing","11/3451","43/12859",0.630915082206765,0.999999999999151,0.999999999999151,"rde-10/simr-1/ego-1/rrf-2/rha-1/sid-2/ergo-1/sid-1/rpb-9/sid-3/sid-5",11,0.00318748188930745
"GO:0006357","regulation of transcription by RNA polymerase II","103/3451","395/12859",0.654463459718288,0.999999999999151,0.999999999999151,"rcor-1/ztf-23/nhr-64/swsn-2.2/cebp-2/ahr-1/irx-1/aha-1/ztf-6/madf-2/let-49/duxl-1/lin-31/nhr-16/fkh-8/efl-3/pqm-1/unc-130/F58G1.2/hmg-1.1/nurf-1/madf-5/mxl-2/dac-1/zip-2/klf-1/nhr-6/pal-1/tbx-2/ztf-8/sma-3/mml-1/cit-1.2/sma-2/tbx-8/tra-1/php-3/nhr-92/nhr-87/swsn-6/skn-1/plp-1/daf-14/mec-3/dpy-20/nhr-43/nhr-57/nhr-114/elt-7/fos-1/atf-8/nhr-42/mdt-6/madf-4/nhr-12/ceh-22/saeg-1/nhr-68/cyl-1/atfs-1/nhr-53/nhr-60/nhr-116/lsy-27/mdt-17/pha-4/cebp-1/nhr-35/ctbp-1/ets-4/F26A10.2/nhr-25/mxl-3/nhr-3/atf-4/egrh-1/pag-3/nhr-91/nhr-28/fkh-6/nhr-76/nhr-154/nhr-136/nhr-120/madf-8/mdt-18/dmd-5/nhr-176/ces-1/pha-2/nhr-207/zip-6/sptf-3/nhr-238/ceh-16/nhr-17/tbx-7/lst-5/miz-1/sta-2/zip-9/maf-1/ceh-63",103,0.0298464213271516
"GO:1901046","positive regulation of egg-laying behavior","6/3451","24/12859",0.656313120081732,0.999999999999151,0.999999999999151,"dbt-1/pde-2/egl-4/toca-1/sek-1/ced-9",6,0.00173862648507679
"GO:0006972","hyperosmotic response","5/3451","20/12859",0.656647022007186,0.999999999999151,0.999999999999151,"sol-2/glr-1/gpdh-2/che-12/gck-3",5,0.00144885540423066
"GO:0034514","mitochondrial unfolded protein response","5/3451","20/12859",0.656647022007186,0.999999999999151,0.999999999999151,"mig-1/mig-14/hsp-6/atfs-1/bar-1",5,0.00144885540423066
"GO:0006351","DNA-templated transcription","7/3451","28/12859",0.656992214381652,0.999999999999151,0.999999999999151,"taf-4/cebp-2/zip-2/rpc-1/rpb-9/rpoa-12/zip-6",7,0.00202839756592292
"GO:0006259","DNA metabolic process","4/3451","16/12859",0.658731419244105,0.999999999999151,0.999999999999151,"crn-7/crn-6/nuc-1/C25F9.2",4,0.00115908432338453
"GO:0006891","intra-Golgi vesicle-mediated transport","4/3451","16/12859",0.658731419244105,0.999999999999151,0.999999999999151,"copa-1/copg-1/vti-1/trpp-10",4,0.00115908432338453
"GO:0009612","response to mechanical stimulus","4/3451","16/12859",0.658731419244105,0.999999999999151,0.999999999999151,"glr-1/mec-3/mec-10/mec-4",4,0.00115908432338453
"GO:0009887","animal organ morphogenesis","4/3451","16/12859",0.658731419244105,0.999999999999151,0.999999999999151,"ubc-18/odd-1/pha-2/sptf-3",4,0.00115908432338453
"GO:0051716","cellular response to stimulus","4/3451","16/12859",0.658731419244105,0.999999999999151,0.999999999999151,"unc-38/eat-2/acr-15/acr-25",4,0.00115908432338453
"GO:0006898","receptor-mediated endocytosis","3/3451","12/12859",0.66415146100854,0.999999999999151,0.999999999999151,"rab-11.1/rlbp-1/rab-5",3,0.000869313242538395
"GO:0007286","spermatid development","3/3451","12/12859",0.66415146100854,0.999999999999151,0.999999999999151,"spe-15/sqv-8/swm-1",3,0.000869313242538395
"GO:0031145","anaphase-promoting complex-dependent catabolic process","3/3451","12/12859",0.66415146100854,0.999999999999151,0.999999999999151,"zyg-11/gfi-3/Y48G1C.12",3,0.000869313242538395
"GO:1901076","positive regulation of engulfment of apoptotic cell","3/3451","12/12859",0.66415146100854,0.999999999999151,0.999999999999151,"ced-2/ced-10/nrf-5",3,0.000869313242538395
"GO:1903356","positive regulation of distal tip cell migration","3/3451","12/12859",0.66415146100854,0.999999999999151,0.999999999999151,"ced-2/ced-10/bar-1",3,0.000869313242538395
"GO:0045893","positive regulation of DNA-templated transcription","13/3451","52/12859",0.668703209286157,0.999999999999151,0.999999999999151,"hmbx-1/Y73E7A.1/myrf-1/pqm-1/tbx-2/tag-342/tbx-8/fos-1/mdt-6/C18B2.4/ctbp-1/tbx-7/miz-1",13,0.00376702405099971
"GO:0048598","embryonic morphogenesis","7/3451","29/12859",0.696075829106016,0.999999999999151,0.999999999999151,"kal-1/mig-5/pat-12/ced-10/atg-18/pha-4/inx-3",7,0.00202839756592292
"GO:0060078","regulation of postsynaptic membrane potential","15/3451","61/12859",0.700319349098362,0.999999999999151,0.999999999999151,"glc-2/unc-38/lgc-34/lgc-27/eat-2/glr-1/F35H10.10/lgc-44/avr-15/glc-1/lgc-9/lgc-12/lgc-32/acr-15/acr-25",15,0.00434656621269197
"GO:0006506","GPI anchor biosynthetic process","5/3451","21/12859",0.7021373529791,0.999999999999151,0.999999999999151,"pigb-1/pign-1/C14B9.3/Y38F1A.8/pigl-1",5,0.00144885540423066
"GO:0017148","negative regulation of translation","5/3451","21/12859",0.7021373529791,0.999999999999151,0.999999999999151,"gld-1/mel-32/cgh-1/pek-1/C23G10.2",5,0.00144885540423066
"GO:0006890","retrograde vesicle-mediated transport, Golgi to endoplasmic reticulum","4/3451","17/12859",0.708751930965917,0.999999999999151,0.999999999999151,"copa-1/tat-5/syx-18/sec-22",4,0.00115908432338453
"GO:0040019","positive regulation of embryonic development","4/3451","17/12859",0.708751930965917,0.999999999999151,0.999999999999151,"dbt-1/imp-2/cdk-11.2/ced-9",4,0.00115908432338453
"GO:0070986","left/right axis specification","4/3451","17/12859",0.708751930965917,0.999999999999151,0.999999999999151,"mig-5/mig-14/ced-10/bar-1",4,0.00115908432338453
"GO:0006414","translational elongation","3/3451","13/12859",0.720235322983493,0.999999999999151,0.999999999999151,"tufm-2/cgp-1/tsfm-1",3,0.000869313242538395
"GO:0007040","lysosome organization","3/3451","13/12859",0.720235322983493,0.999999999999151,0.999999999999151,"ctns-1/cln-3.3/glo-1",3,0.000869313242538395
"GO:0009880","embryonic pattern specification","3/3451","13/12859",0.720235322983493,0.999999999999151,0.999999999999151,"pal-1/nob-1/skn-1",3,0.000869313242538395
"GO:0035418","protein localization to synapse","3/3451","13/12859",0.720235322983493,0.999999999999151,0.999999999999151,"ttx-7/aex-1/nid-1",3,0.000869313242538395
"GO:0045727","positive regulation of translation","3/3451","13/12859",0.720235322983493,0.999999999999151,0.999999999999151,"ssb-1/F44A2.5/pha-4",3,0.000869313242538395
"GO:0045747","positive regulation of Notch signaling pathway","3/3451","13/12859",0.720235322983493,0.999999999999151,0.999999999999151,"osm-11/dos-3/bre-4",3,0.000869313242538395
"GO:0060079","excitatory postsynaptic potential","13/3451","54/12859",0.724891082691039,0.999999999999151,0.999999999999151,"glc-2/unc-38/lgc-34/lgc-27/eat-2/lgc-44/avr-15/glc-1/lgc-9/lgc-12/lgc-32/acr-15/acr-25",13,0.00376702405099971
"GO:0006935","chemotaxis","9/3451","38/12859",0.727058805617389,0.999999999999151,0.999999999999151,"gcy-28/ttx-7/pde-2/egl-4/akt-1/che-12/osm-6/sprr-2/gcy-4",9,0.00260793972761518
"GO:0043066","negative regulation of apoptotic process","7/3451","30/12859",0.732126950547893,0.999999999999151,0.999999999999151,"prk-2/cgh-1/cul-1/him-6/ape-1/pag-3/ced-9",7,0.00202839756592292
"GO:0008045","motor neuron axon guidance","5/3451","22/12859",0.74324760910408,0.999999999999151,0.999999999999151,"Y48G9A.9/ced-10/unc-33/ddr-2/Y39A3A.4",5,0.00144885540423066
"GO:0010468","regulation of gene expression","20/3451","83/12859",0.751493476241822,0.999999999999151,0.999999999999151,"gld-1/lst-1/pqm-1/jmjd-2/mxl-2/tbx-2/mml-1/tra-1/egl-4/fem-1/skn-1/cwn-2/elo-2/nhr-114/zip-10/atfs-1/fox-1/nipi-3/osm-11/H04D03.2",20,0.00579542161692263
"GO:0030036","actin cytoskeleton organization","4/3451","18/12859",0.753187744422039,0.999999999999151,0.999999999999151,"cap-2/ced-2/cap-1/pha-2",4,0.00115908432338453
"GO:0032436","positive regulation of proteasomal ubiquitin-dependent protein catabolic process","4/3451","18/12859",0.753187744422039,0.999999999999151,0.999999999999151,"pry-1/zyg-11/cdc-48.1/nipi-3",4,0.00115908432338453
"GO:0043050","pharyngeal pumping","4/3451","18/12859",0.753187744422039,0.999999999999151,0.999999999999151,"eat-2/tni-4/fat-3/slo-1",4,0.00115908432338453
"GO:0001764","neuron migration","7/3451","31/12859",0.765093254890789,0.999999999999151,0.999999999999151,"kal-1/mig-5/tbx-2/ced-10/cwn-2/nid-1/gpn-1",7,0.00202839756592292
"GO:0000082","G1/S transition of mitotic cell cycle","3/3451","14/12859",0.768725760423714,0.999999999999151,0.999999999999151,"wts-1/cyd-1/cyb-1",3,0.000869313242538395
"GO:0001714","endodermal cell fate specification","3/3451","14/12859",0.768725760423714,0.999999999999151,0.999999999999151,"mig-5/mig-14/skn-1",3,0.000869313242538395
"GO:0002009","morphogenesis of an epithelium","3/3451","14/12859",0.768725760423714,0.999999999999151,0.999999999999151,"sqv-8/bar-1/sqv-6",3,0.000869313242538395
"GO:0006816","calcium ion transport","3/3451","14/12859",0.768725760423714,0.999999999999151,0.999999999999151,"ncx-7/ncx-1/ncx-6",3,0.000869313242538395
"GO:0008595","anterior/posterior axis specification, embryo","3/3451","14/12859",0.768725760423714,0.999999999999151,0.999999999999151,"zyg-11/rbx-1/math-33",3,0.000869313242538395
"GO:0030010","establishment of cell polarity","3/3451","14/12859",0.768725760423714,0.999999999999151,0.999999999999151,"cdc-42/crp-1/yap-1",3,0.000869313242538395
"GO:0050804","modulation of chemical synaptic transmission","3/3451","14/12859",0.768725760423714,0.999999999999151,0.999999999999151,"dyb-1/glr-1/slo-1",3,0.000869313242538395
"GO:1905488","positive regulation of anterior/posterior axon guidance","3/3451","14/12859",0.768725760423714,0.999999999999151,0.999999999999151,"mig-1/ida-1/nid-1",3,0.000869313242538395
"GO:0006888","endoplasmic reticulum to Golgi vesicle-mediated transport","11/3451","48/12859",0.778387407358038,0.999999999999151,0.999999999999151,"copa-1/ile-1/eas-1/ggtb-1/Y54G2A.18/copg-1/F32D8.14/sec-22/sedl-1/C26C6.9/T10F2.5",11,0.00318748188930745
"GO:0016579","protein deubiquitination","5/3451","23/12859",0.780005336921818,0.999999999999151,0.999999999999151,"usp-5/ubh-4/usp-14/math-33/usp-33",5,0.00144885540423066
"GO:0007059","chromosome segregation","8/3451","36/12859",0.789181109569432,0.999999999999151,0.999999999999151,"air-2/nud-2/klp-17/dnc-2/baf-1/rmd-1/him-6/tam-1",8,0.00231816864676905
"GO:0000122","negative regulation of transcription by RNA polymerase II","23/3451","97/12859",0.789960856377196,0.999999999999151,0.999999999999151,"wdr-23/irx-1/atf-2/unc-130/nhr-80/nfx-1/mml-1/tra-1/Y39E4B.6/nhr-8/uba-1/elt-7/fos-1/ctbp-1/daf-6/pag-3/odd-1/ztf-2/ces-1/daf-8/ceh-16/prdx-2/nsy-7",23,0.00666473485946103
"GO:0030206","chondroitin sulfate biosynthetic process","4/3451","19/12859",0.792196858815635,0.999999999999151,0.999999999999151,"sqv-8/sqv-6/T27C5.12/Y87G2A.16",4,0.00115908432338453
"GO:0032502","developmental process","4/3451","19/12859",0.792196858815635,0.999999999999151,0.999999999999151,"tbx-2/hipr-1/tbx-8/tbx-7",4,0.00115908432338453
"GO:0001522","pseudouridine synthesis","2/3451","10/12859",0.794971041517982,0.999999999999151,0.999999999999151,"tag-124/T24C12.3",2,0.000579542161692263
"GO:0007419","ventral cord development","2/3451","10/12859",0.794971041517982,0.999999999999151,0.999999999999151,"ida-1/nid-1",2,0.000579542161692263
"GO:0007631","feeding behavior","2/3451","10/12859",0.794971041517982,0.999999999999151,0.999999999999151,"feh-1/glr-1",2,0.000579542161692263
"GO:0016043","cellular component organization","2/3451","10/12859",0.794971041517982,0.999999999999151,0.999999999999151,"dsc-4/vti-1",2,0.000579542161692263
"GO:0030490","maturation of SSU-rRNA","2/3451","10/12859",0.794971041517982,0.999999999999151,0.999999999999151,"riok-2/riok-3",2,0.000579542161692263
"GO:0030728","ovulation","2/3451","10/12859",0.794971041517982,0.999999999999151,0.999999999999151,"snap-29/vha-11",2,0.000579542161692263
"GO:0030953","astral microtubule organization","2/3451","10/12859",0.794971041517982,0.999999999999151,0.999999999999151,"tac-1/cls-2",2,0.000579542161692263
"GO:0032094","response to food","2/3451","10/12859",0.794971041517982,0.999999999999151,0.999999999999151,"hlh-3/mxl-3",2,0.000579542161692263
"GO:0042078","germ-line stem cell division","2/3451","10/12859",0.794971041517982,0.999999999999151,0.999999999999151,"bec-1/atg-18",2,0.000579542161692263
"GO:0048599","oocyte development","2/3451","10/12859",0.794971041517982,0.999999999999151,0.999999999999151,"kgb-1/mek-1",2,0.000579542161692263
"GO:0051276","chromosome organization","2/3451","10/12859",0.794971041517982,0.999999999999151,0.999999999999151,"baf-1/him-6",2,0.000579542161692263
"GO:0051302","regulation of cell division","2/3451","10/12859",0.794971041517982,0.999999999999151,0.999999999999151,"ostd-1/cyd-1",2,0.000579542161692263
"GO:0070266","necroptotic process","2/3451","10/12859",0.794971041517982,0.999999999999151,0.999999999999151,"unc-57/lgg-1",2,0.000579542161692263
"GO:0071897","DNA biosynthetic process","2/3451","10/12859",0.794971041517982,0.999999999999151,0.999999999999151,"K09F6.10/C25F9.2",2,0.000579542161692263
"GO:1990834","response to odorant","2/3451","10/12859",0.794971041517982,0.999999999999151,0.999999999999151,"egl-4/hot-2",2,0.000579542161692263
"GO:0006606","protein import into nucleus","6/3451","28/12859",0.802560243562584,0.999999999999151,0.999999999999151,"akir-1/npp-4/F23F1.5/npp-15/ran-1/dkf-2",6,0.00173862648507679
"GO:0016485","protein processing","6/3451","28/12859",0.802560243562584,0.999999999999151,0.999999999999151,"nep-1/lonp-2/C17B7.8/nep-18/nep-25/ced-9",6,0.00173862648507679
"GO:0006468","protein phosphorylation","68/3451","275/12859",0.806335782646032,0.999999999999151,0.999999999999151,"M176.9/plk-2/Y71F9AL.2/gcy-28/air-2/mekk-3/wts-1/kin-3/riok-2/gcy-12/sma-6/mak-1/Y51B9A.9/kin-16/mnk-1/pat-4/prk-2/efk-1/ikke-1/riok-3/rsks-1/kgb-1/mak-2/egl-4/pmk-2/pkg-2/ZK596.2/C05C12.1/C27D8.1/C49C3.10/C38C3.4/hir-1/air-1/akt-1/dkf-2/F28C10.3/ddr-2/sax-1/C01C4.3/sek-4/svh-2/mek-1/sek-1/mlck-1/cdk-11.2/pek-1/sma-5/F09A5.2/akt-2/flr-4/nipi-3/sgk-1/sid-3/ver-4/F59F5.3/M7.7/R151.1/T19D12.5/Y47G6A.5/Y53F4B.1/gck-3/Y105C5A.24/kgb-2/gcy-4/gcy-5/old-1/F09C12.2/drl-1",68,0.0197044334975369
"GO:0007218","neuropeptide signaling pathway","35/3451","146/12859",0.80957484654708,0.999999999999151,0.999999999999151,"nlp-78/K02G10.15/nlp-8/nlp-21/Y37E11B.7/flp-17/glb-33/W08A12.2/nlp-31/nlp-29/nlp-26/B0410.3/Y64H9A.2/C45B2.2/nlp-14/C13A10.2/C45B2.3/C47D2.1/nlp-62/nlp-3/F56F11.1/F58H10.1/nlp-67/nlp-45/nlp-25/C33A12.19/F27B10.1/dcar-1/C44C1.6/nlp-59/T09A5.14/nlp-66/F14H8.8/nlp-76/F59C6.16",35,0.0101419878296146
"GO:0006368","transcription elongation by RNA polymerase II","3/3451","15/12859",0.810112194631322,0.999999999999151,0.999999999999151,"C27F2.10/ctr-9/pafo-1",3,0.000869313242538395
"GO:0030703","eggshell formation","3/3451","15/12859",0.810112194631322,0.999999999999151,0.999999999999151,"rab-11.1/emb-8/cbd-1",3,0.000869313242538395
"GO:0042273","ribosomal large subunit biogenesis","3/3451","15/12859",0.810112194631322,0.999999999999151,0.999999999999151,"cdc-48.3/eif-6/T06E6.1",3,0.000869313242538395
"GO:0090326","positive regulation of locomotion involved in locomotory behavior","3/3451","15/12859",0.810112194631322,0.999999999999151,0.999999999999151,"unc-38/vps-51/eat-2",3,0.000869313242538395
"GO:0007399","nervous system development","25/3451","107/12859",0.821549821964614,0.999999999999151,0.999999999999151,"chdp-1/skr-1/ahr-1/lect-2/sma-6/hlh-3/unc-130/prk-2/tir-1/ced-10/unc-33/swsn-6/cwn-2/tlp-1/spas-1/fox-1/ddr-2/sax-1/svh-2/sek-1/vem-1/unc-84/nhr-91/smp-2/ppt-1",25,0.00724427702115329
"GO:0006886","intracellular protein transport","20/3451","87/12859",0.824358371571379,0.999999999999151,0.999999999999151,"copa-1/apm-1/syx-7/rab-5/snx-27/arc-1/mig-14/F54C8.7/sec-61.B/Y54G2A.18/copg-1/vti-1/rab-1/clic-1/syx-2/rab-14/E03H4.8/snx-17/C26C6.9/glo-1",20,0.00579542161692263
"GO:0000381","regulation of alternative mRNA splicing, via spliceosome","4/3451","20/12859",0.826084318017747,0.999999999999151,0.999999999999151,"rnp-6/smu-1/fox-1/fubl-3",4,0.00115908432338453
"GO:0006289","nucleotide-excision repair","4/3451","20/12859",0.826084318017747,0.999999999999151,0.999999999999151,"rpa-2/ubql-1/rad-23/gtf-2H3",4,0.00115908432338453
"GO:0000184","nuclear-transcribed mRNA catabolic process, nonsense-mediated decay","2/3451","11/12859",0.838238001743106,0.999999999999151,0.999999999999151,"dcap-1/smgl-2",2,0.000579542161692263
"GO:0006352","DNA-templated transcription initiation","2/3451","11/12859",0.838238001743106,0.999999999999151,0.999999999999151,"taf-4/taf-10",2,0.000579542161692263
"GO:0009786","regulation of asymmetric cell division","2/3451","11/12859",0.838238001743106,0.999999999999151,0.999999999999151,"insc-1/nob-1",2,0.000579542161692263
"GO:0009794","regulation of mitotic cell cycle, embryonic","2/3451","11/12859",0.838238001743106,0.999999999999151,0.999999999999151,"taf-4/taf-10",2,0.000579542161692263
"GO:0009888","tissue development","2/3451","11/12859",0.838238001743106,0.999999999999151,0.999999999999151,"nhr-25/nhr-3",2,0.000579542161692263
"GO:0030488","tRNA methylation","2/3451","11/12859",0.838238001743106,0.999999999999151,0.999999999999151,"mtcu-2/R74.7",2,0.000579542161692263
"GO:0035249","synaptic transmission, glutamatergic","2/3451","11/12859",0.838238001743106,0.999999999999151,0.999999999999151,"glr-1/vglu-3",2,0.000579542161692263
"GO:0036211","protein modification process","2/3451","11/12859",0.838238001743106,0.999999999999151,0.999999999999151,"uba-1/tsg-101",2,0.000579542161692263
"GO:0042127","regulation of cell population proliferation","2/3451","11/12859",0.838238001743106,0.999999999999151,0.999999999999151,"sav-1/sta-2",2,0.000579542161692263
"GO:0042981","regulation of apoptotic process","2/3451","11/12859",0.838238001743106,0.999999999999151,0.999999999999151,"ape-1/ced-9",2,0.000579542161692263
"GO:0043052","thermotaxis","2/3451","11/12859",0.838238001743106,0.999999999999151,0.999999999999151,"ttx-7/dac-1",2,0.000579542161692263
"GO:0055059","asymmetric neuroblast division","2/3451","11/12859",0.838238001743106,0.999999999999151,0.999999999999151,"cnt-2/sptf-3",2,0.000579542161692263
"GO:0000724","double-strand break repair via homologous recombination","5/3451","25/12859",0.841129423441744,0.999999999999151,0.999999999999151,"rpa-2/lem-3/pph-4.1/him-6/C23H4.6",5,0.00144885540423066
"GO:0032880","regulation of protein localization","5/3451","25/12859",0.841129423441744,0.999999999999151,0.999999999999151,"aspm-1/pry-1/tbx-2/egl-9/hmp-1",5,0.00144885540423066
"GO:0001556","oocyte maturation","3/3451","16/12859",0.84504621972068,0.999999999999151,0.999999999999151,"msp-38/cyb-1/acy-4",3,0.000869313242538395
"GO:0006997","nucleus organization","3/3451","16/12859",0.84504621972068,0.999999999999151,0.999999999999151,"anc-1/npp-4/amph-1",3,0.000869313242538395
"GO:0060465","pharynx development","3/3451","16/12859",0.84504621972068,0.999999999999151,0.999999999999151,"sqv-8/pha-4/abu-15",3,0.000869313242538395
"GO:0048477","oogenesis","9/3451","43/12859",0.853576990846058,0.999999999999151,0.999999999999151,"ego-1/gld-1/cgh-1/T16G12.1/ran-1/kgb-1/uba-1/spas-1/csn-1",9,0.00260793972761518
"GO:0006310","DNA recombination","5/3451","26/12859",0.866011994243938,0.999999999999151,0.999999999999151,"rpa-2/ercc-1/cku-80/exo-1/him-6",5,0.00144885540423066
"GO:0007188","adenylate cyclase-modulating G protein-coupled receptor signaling pathway","2/3451","12/12859",0.87305530989002,0.999999999999151,0.999999999999151,"gpa-3/gpa-12",2,0.000579542161692263
"GO:0007501","mesodermal cell fate specification","2/3451","12/12859",0.87305530989002,0.999999999999151,0.999999999999151,"fozi-1/drag-1",2,0.000579542161692263
"GO:0009968","negative regulation of signal transduction","2/3451","12/12859",0.87305530989002,0.999999999999151,0.999999999999151,"lin-52/rgs-7",2,0.000579542161692263
"GO:0090304","nucleic acid metabolic process","2/3451","12/12859",0.87305530989002,0.999999999999151,0.999999999999151,"him-6/Y54E2A.4",2,0.000579542161692263
"GO:0097402","neuroblast migration","2/3451","12/12859",0.87305530989002,0.999999999999151,0.999999999999151,"mig-1/cwn-2",2,0.000579542161692263
"GO:1904747","positive regulation of apoptotic process involved in development","2/3451","12/12859",0.87305530989002,0.999999999999151,0.999999999999151,"egl-1/vha-12",2,0.000579542161692263
"GO:0040025","vulval development","12/3451","57/12859",0.874139530849536,0.999999999999151,0.999999999999151,"lin-31/sqv-8/lin-56/mig-14/cwn-2/fos-1/spas-1/bar-1/unc-84/osm-11/rtcb-1/sqv-6",12,0.00347725297015358
"GO:0007163","establishment or maintenance of cell polarity","3/3451","17/12859",0.874252138739558,0.999999999999151,0.999999999999151,"cdc-42/ced-10/sax-1",3,0.000869313242538395
"GO:1902884","positive regulation of response to oxidative stress","3/3451","17/12859",0.874252138739558,0.999999999999151,0.999999999999151,"rab-39/T27C5.12/Y87G2A.16",3,0.000869313242538395
"GO:0043051","regulation of pharyngeal pumping","6/3451","31/12859",0.876443383176024,0.999999999999151,0.999999999999151,"nhx-2/eat-2/daf-7/avr-15/cyp-33E2/snb-1",6,0.00173862648507679
"GO:0007155","cell adhesion","8/3451","40/12859",0.878649964747211,0.999999999999151,0.999999999999151,"pat-4/mup-4/lnkn-1/klc-2/hmp-1/nid-1/bar-1/cdh-10",8,0.00231816864676905
"GO:0007018","microtubule-based movement","4/3451","22/12859",0.880137354388761,0.999999999999151,0.999999999999151,"klp-17/klp-19/klc-2/dyrb-1",4,0.00115908432338453
"GO:0040012","regulation of locomotion","6/3451","32/12859",0.895238775233669,0.999999999999151,0.999999999999151,"sol-2/tpst-1/dcap-1/plp-1/unc-78/clhm-1",6,0.00173862648507679
"GO:0051301","cell division","32/3451","142/12859",0.897645629974055,0.999999999999151,0.999999999999151,"air-2/spg-20/cdc-48.3/lem-3/ensa-1/cdc-42/ptc-1/zyg-9/rha-1/cyd-1/tac-1/rei-1/mel-28/szy-2/cls-2/rmd-1/cul-1/ran-1/tim-1/pph-4.1/klp-19/lem-4/cyb-1/rho-1/cdc-25.2/rbx-1/rei-2/gfi-3/pelo-1/hcp-6/gsp-2/Y48G1C.12",32,0.00927267458707621
"GO:0000226","microtubule cytoskeleton organization","10/3451","50/12859",0.898096489151303,0.999999999999151,0.999999999999151,"maph-1.2/zyg-9/cls-2/tba-7/spas-1/che-12/tbb-6/coel-1/K03A1.4/tba-8",10,0.00289771080846132
"GO:0002181","cytoplasmic translation","3/3451","18/12859",0.898465017603062,0.999999999999151,0.999999999999151,"R74.7/T28D6.6/sars-1",3,0.000869313242538395
"GO:0006836","neurotransmitter transport","3/3451","18/12859",0.898465017603062,0.999999999999151,0.999999999999151,"dyb-1/syx-7/syx-2",3,0.000869313242538395
"GO:0007154","cell communication","3/3451","18/12859",0.898465017603062,0.999999999999151,0.999999999999151,"dyb-1/grd-5/ncx-1",3,0.000869313242538395
"GO:0070085","glycosylation","3/3451","18/12859",0.898465017603062,0.999999999999151,0.999999999999151,"T06A1.5/C01G5.9/C08B6.3",3,0.000869313242538395
"GO:0006096","glycolytic process","2/3451","13/12859",0.900840762054843,0.999999999999151,0.999999999999151,"ipgm-1/aldo-1",2,0.000579542161692263
"GO:0007506","gonadal mesoderm development","2/3451","13/12859",0.900840762054843,0.999999999999151,0.999999999999151,"rsp-2/cyd-1",2,0.000579542161692263
"GO:0016331","morphogenesis of embryonic epithelium","2/3451","13/12859",0.900840762054843,0.999999999999151,0.999999999999151,"arx-2/paf-2",2,0.000579542161692263
"GO:0036093","germ cell proliferation","2/3451","13/12859",0.900840762054843,0.999999999999151,0.999999999999151,"bec-1/atg-18",2,0.000579542161692263
"GO:0040032","post-embryonic body morphogenesis","2/3451","13/12859",0.900840762054843,0.999999999999151,0.999999999999151,"mlt-7/cct-4",2,0.000579542161692263
"GO:0030182","neuron differentiation","7/3451","37/12859",0.902804467812109,0.999999999999151,0.999999999999151,"irx-1/kal-1/hlh-3/cwn-2/mec-3/lsy-27/ceh-16",7,0.00202839756592292
"GO:0006417","regulation of translation","8/3451","42/12859",0.910012689379618,0.999999999999151,0.999999999999151,"rde-10/gld-1/rha-1/lin-56/ife-5/skn-1/ergo-1/pek-1",8,0.00231816864676905
"GO:0051726","regulation of cell cycle","6/3451","33/12859",0.9115320333354,0.999999999999151,0.999999999999151,"plk-2/kin-3/sas-6/dct-1/cdk-11.2/Y71F9B.6",6,0.00173862648507679
"GO:0006936","muscle contraction","3/3451","19/12859",0.918390297375705,0.999999999999151,0.999999999999151,"tni-4/fat-3/hcp-2",3,0.000869313242538395
"GO:0030431","sleep","4/3451","24/12859",0.918950150882215,0.999999999999151,0.999999999999151,"nlp-8/plc-3/egl-4/C15H9.9",4,0.00115908432338453
"GO:0098609","cell-cell adhesion","5/3451","29/12859",0.92175331452636,0.999999999999151,0.999999999999151,"nsy-4/hmp-1/vha-12/bar-1/mua-6",5,0.00144885540423066
"GO:0000712","resolution of meiotic recombination intermediates","2/3451","14/12859",0.922859928993365,0.999999999999151,0.999999999999151,"lem-3/him-6",2,0.000579542161692263
"GO:0006270","DNA replication initiation","2/3451","14/12859",0.922859928993365,0.999999999999151,0.999999999999151,"mcm-5/C37H5.5",2,0.000579542161692263
"GO:0090307","mitotic spindle assembly","2/3451","14/12859",0.922859928993365,0.999999999999151,0.999999999999151,"cls-2/air-1",2,0.000579542161692263
"GO:0009792","embryo development ending in birth or egg hatching","60/3451","259/12859",0.923581151401104,0.999999999999151,0.999999999999151,"rab-11.1/taf-4/unc-94/plin-1/mel-26/tat-5/rab-5/lem-3/gale-1/smu-1/kal-1/npp-4/let-49/vha-4/zyg-11/cdc-48.2/zyg-9/sym-2/sqv-8/cdc-48.1/unc-130/ife-5/tac-1/pat-4/unc-45/polh-1/feh-1/rnr-2/pal-1/mel-32/cit-1.2/dnj-10/unc-32/baf-1/lin-52/T16G12.1/cul-1/ran-1/dpy-18/tim-1/pph-4.1/vha-11/Y67D8C.9/tni-4/drp-1/uba-1/cwn-2/atg-7/unc-60/grd-5/atg-18/bcat-1/gpn-1/ced-8/T12E12.6/lin-59/hcp-6/taf-10/ufd-1/rft-1",60,0.0173862648507679
"GO:0008033","tRNA processing","7/3451","39/12859",0.929823455278275,0.999999999999151,0.999999999999151,"ssb-1/tag-124/mtcu-2/R74.7/tsen-2/elpc-2/rtcb-1",7,0.00202839756592292
"GO:0040011","locomotion","16/3451","79/12859",0.930325371164936,0.999999999999151,0.999999999999151,"unc-38/unc-94/crml-1/aex-1/ubc-25/smu-1/unc-45/tbx-2/unc-32/fat-3/unc-60/klc-2/slo-1/unc-78/unc-84/lin-59",16,0.00463633729353811
"GO:0006367","transcription initiation at RNA polymerase II promoter","3/3451","20/12859",0.934679587850638,0.999999999999151,0.999999999999151,"taf-4/rpb-9/taf-10",3,0.000869313242538395
"GO:0048557","embryonic digestive tract morphogenesis","3/3451","20/12859",0.934679587850638,0.999999999999151,0.999999999999151,"mig-5/mig-14/ubc-18",3,0.000869313242538395
"GO:0007005","mitochondrion organization","5/3451","30/12859",0.935125628342952,0.999999999999151,0.999999999999151,"atad-3/pat-4/dnj-10/vdac-1/ppt-1",5,0.00144885540423066
"GO:0040026","positive regulation of vulval development","6/3451","35/12859",0.937620406215254,0.999999999999151,0.999999999999151,"sig-7/gale-1/let-653/cdf-1/bar-1/rom-1",6,0.00173862648507679
"GO:0006406","mRNA export from nucleus","2/3451","15/12859",0.940205734279833,0.999999999999151,0.999999999999151,"npp-21/aly-2",2,0.000579542161692263
"GO:0008355","olfactory learning","2/3451","15/12859",0.940205734279833,0.999999999999151,0.999999999999151,"daf-22/egl-4",2,0.000579542161692263
"GO:0009411","response to UV","2/3451","15/12859",0.940205734279833,0.999999999999151,0.999999999999151,"lem-3/dcap-1",2,0.000579542161692263
"GO:0010171","body morphogenesis","2/3451","15/12859",0.940205734279833,0.999999999999151,0.999999999999151,"rab-7/ced-10",2,0.000579542161692263
"GO:0015986","proton motive force-driven ATP synthesis","2/3451","15/12859",0.940205734279833,0.999999999999151,0.999999999999151,"unc-32/vha-13",2,0.000579542161692263
"GO:0040001","establishment of mitotic spindle localization","2/3451","15/12859",0.940205734279833,0.999999999999151,0.999999999999151,"cdc-42/cls-2",2,0.000579542161692263
"GO:0046716","muscle cell cellular homeostasis","2/3451","15/12859",0.940205734279833,0.999999999999151,0.999999999999151,"dyb-1/pat-4",2,0.000579542161692263
"GO:0042391","regulation of membrane potential","7/3451","40/12859",0.940678438118198,0.999999999999151,0.999999999999151,"unc-38/lgc-27/eat-2/lgc-9/lgc-12/acr-15/acr-25",7,0.00202839756592292
"GO:0007635","chemosensory behavior","4/3451","26/12859",0.946093356101747,0.999999999999151,0.999999999999151,"pde-2/egl-4/akt-1/gcy-4",4,0.00115908432338453
"GO:0007548","sex differentiation","5/3451","31/12859",0.946410675490438,0.999999999999151,0.999999999999151,"tra-1/lep-2/fem-1/fox-1/dmd-5",5,0.00144885540423066
"GO:0040034","regulation of development, heterochronic","3/3451","21/12859",0.94791813419382,0.999999999999151,0.999999999999151,"disl-2/egl-1/mab-10",3,0.000869313242538395
"GO:0009952","anterior/posterior pattern specification","2/3451","16/12859",0.953799950645426,0.999999999999151,0.999999999999151,"pry-1/nob-1",2,0.000579542161692263
"GO:0015671","oxygen transport","2/3451","16/12859",0.953799950645426,0.999999999999151,0.999999999999151,"glb-1/glb-10",2,0.000579542161692263
"GO:0030150","protein import into mitochondrial matrix","2/3451","16/12859",0.953799950645426,0.999999999999151,0.999999999999151,"F45G2.8/F53A3.7",2,0.000579542161692263
"GO:0030866","cortical actin cytoskeleton organization","2/3451","16/12859",0.953799950645426,0.999999999999151,0.999999999999151,"fozi-1/hmp-1",2,0.000579542161692263
"GO:0042073","intraciliary transport","2/3451","16/12859",0.953799950645426,0.999999999999151,0.999999999999151,"osm-6/osm-5",2,0.000579542161692263
"GO:0000463","maturation of LSU-rRNA from tricistronic rRNA transcript (SSU-rRNA, 5.8S rRNA, LSU-rRNA)","1/3451","10/12859",0.956112250773816,0.999999999999151,0.999999999999151,"rbm-34",1,0.000289771080846132
"GO:0006754","ATP biosynthetic process","1/3451","10/12859",0.956112250773816,0.999999999999151,0.999999999999151,"vha-10",1,0.000289771080846132
"GO:0007423","sensory organ development","1/3451","10/12859",0.956112250773816,0.999999999999151,0.999999999999151,"hum-6",1,0.000289771080846132
"GO:0040040","thermosensory behavior","1/3451","10/12859",0.956112250773816,0.999999999999151,0.999999999999151,"rcan-1",1,0.000289771080846132
"GO:0042464","dosage compensation by hypoactivation of X chromosome","1/3451","10/12859",0.956112250773816,0.999999999999151,0.999999999999151,"fox-1",1,0.000289771080846132
"GO:0048024","regulation of mRNA splicing, via spliceosome","1/3451","10/12859",0.956112250773816,0.999999999999151,0.999999999999151,"gld-1",1,0.000289771080846132
"GO:0050807","regulation of synapse organization","1/3451","10/12859",0.956112250773816,0.999999999999151,0.999999999999151,"ced-9",1,0.000289771080846132
"GO:0060179","male mating behavior","1/3451","10/12859",0.956112250773816,0.999999999999151,0.999999999999151,"aex-1",1,0.000289771080846132
"GO:0006366","transcription by RNA polymerase II","3/3451","22/12859",0.958620362584093,0.999999999999151,0.999999999999151,"taf-4/Y73E7A.1/tag-342",3,0.000869313242538395
"GO:0007369","gastrulation","2/3451","17/12859",0.964406325566208,0.999999999999151,0.999999999999151,"ced-10/arx-2",2,0.000579542161692263
"GO:0045165","cell fate commitment","2/3451","17/12859",0.964406325566208,0.999999999999151,0.999999999999151,"cwn-2/elt-7",2,0.000579542161692263
"GO:0000278","mitotic cell cycle","8/3451","48/12859",0.966078821020677,0.999999999999151,0.999999999999151,"aspm-1/cyd-1/tba-7/cyb-1/him-6/lst-4/tbb-6/tba-8",8,0.00231816864676905
"GO:0030334","regulation of cell migration","9/3451","53/12859",0.967541538182506,0.999999999999151,0.999999999999151,"mig-1/crml-1/mig-14/ced-10/unc-33/nhr-67/lon-2/bar-1/unc-84",9,0.00260793972761518
"GO:0001732","formation of cytoplasmic translation initiation complex","1/3451","11/12859",0.967899675676888,0.999999999999151,0.999999999999151,"C37C3.2",1,0.000289771080846132
"GO:0008306","associative learning","1/3451","11/12859",0.967899675676888,0.999999999999151,0.999999999999151,"glr-1",1,0.000289771080846132
"GO:0031124","mRNA 3'-end processing","1/3451","11/12859",0.967899675676888,0.999999999999151,0.999999999999151,"pcf-11",1,0.000289771080846132
"GO:0040039","inductive cell migration","1/3451","11/12859",0.967899675676888,0.999999999999151,0.999999999999151,"mig-5",1,0.000289771080846132
"GO:0045664","regulation of neuron differentiation","1/3451","11/12859",0.967899675676888,0.999999999999151,0.999999999999151,"pag-3",1,0.000289771080846132
"GO:0061066","positive regulation of dauer larval development","1/3451","11/12859",0.967899675676888,0.999999999999151,0.999999999999151,"daf-6",1,0.000289771080846132
"GO:0051260","protein homooligomerization","5/3451","34/12859",0.970398930141,0.999999999999151,0.999999999999151,"F22E5.6/kvs-3/F46G10.1/sdz-35/ZC239.14",5,0.00144885540423066
"GO:0007411","axon guidance","9/3451","54/12859",0.972523230795359,0.999999999999151,0.999999999999151,"zig-7/crml-1/pry-1/unc-33/zig-12/pxn-2/smp-2/col-99/axl-1",9,0.00260793972761518
"GO:0030261","chromosome condensation","2/3451","18/12859",0.972648989061601,0.999999999999151,0.999999999999151,"air-2/hcp-6",2,0.000579542161692263
"GO:0048489","synaptic vesicle transport","2/3451","18/12859",0.972648989061601,0.999999999999151,0.999999999999151,"nud-2/klc-2",2,0.000579542161692263
"GO:0030030","cell projection organization","3/3451","24/12859",0.974127978564152,0.999999999999151,0.999999999999151,"nubp-1/che-10/che-12",3,0.000869313242538395
"GO:0018991","egg-laying behavior","11/3451","64/12859",0.975007708914402,0.999999999999151,0.999999999999151,"aex-1/sqv-8/unc-45/fat-3/daf-14/bar-1/unc-84/daf-8/sqv-6/ppt-1/lin-59",11,0.00318748188930745
"GO:0007165","signal transduction","47/3451","220/12859",0.97501892988266,0.999999999999151,0.999999999999151,"Y71F9AL.2/ttx-7/rlbp-1/ikb-1/vhp-1/T13H5.1/plc-3/ppm-1.G/F23H11.4/Y48G9A.9/tir-1/tag-325/B0244.10/pde-2/rheb-1/rsks-1/ced-2/egl-4/T26C12.3/ZK596.2/C05C12.1/lys-4/lys-6/C27D8.3/C27D8.1/rho-1/C38C3.4/lys-7/tig-2/gpa-3/lys-3/F35B12.10/F46H5.7/gpa-12/mlck-1/aakb-1/M7.7/T19D12.5/ins-33/Y39A3A.4/mif-4/pde-6/Y105C5A.24/ZK418.7/tig-3/sta-2/ins-29",47,0.0136192407997682
"GO:0045892","negative regulation of DNA-templated transcription","6/3451","40/12859",0.975431435343256,0.999999999999151,0.999999999999151,"rcor-1/jmjd-2/tbx-2/saeg-1/bra-1/mab-10",6,0.00173862648507679
"GO:0050896","response to stimulus","6/3451","40/12859",0.975431435343256,0.999999999999151,0.999999999999151,"scp-1/pat-4/trpa-1/sek-1/mec-10/Y53F4B.1",6,0.00173862648507679
"GO:0007409","axonogenesis","1/3451","12/12859",0.976521890748421,0.999999999999151,0.999999999999151,"maph-1.2",1,0.000289771080846132
"GO:0008284","positive regulation of cell population proliferation","1/3451","12/12859",0.976521890748421,0.999999999999151,0.999999999999151,"pvf-1",1,0.000289771080846132
"GO:0060298","positive regulation of sarcomere organization","1/3451","12/12859",0.976521890748421,0.999999999999151,0.999999999999151,"pat-4",1,0.000289771080846132
"GO:0048666","neuron development","2/3451","19/12859",0.97903236455406,0.999999999999151,0.999999999999151,"smu-1/zig-4",2,0.000579542161692263
"GO:0007030","Golgi organization","3/3451","25/12859",0.979630910197651,0.999999999999151,0.999999999999151,"vps-51/ubxn-2/C26C6.9",3,0.000869313242538395
"GO:0032543","mitochondrial translation","3/3451","25/12859",0.979630910197651,0.999999999999151,0.999999999999151,"rars-2/C24D10.6/hars-1",3,0.000869313242538395
"GO:0042659","regulation of cell fate specification","3/3451","25/12859",0.979630910197651,0.999999999999151,0.999999999999151,"pry-1/disl-2/bar-1",3,0.000869313242538395
"GO:0006974","DNA damage response","6/3451","41/12859",0.979788021161018,0.999999999999151,0.999999999999151,"msh-2/lem-3/kin-3/uba-1/tank-1/JC8.7",6,0.00173862648507679
"GO:0030154","cell differentiation","52/3451","244/12859",0.981183370627211,0.999999999999151,0.999999999999151,"M176.9/ubxn-1/nhr-64/gld-1/ubxn-3/lin-31/fkh-8/hlh-3/myrf-1/unc-130/rsp-2/cyd-1/pat-4/unc-45/tir-1/sma-3/cgh-1/sma-2/T16G12.1/tra-1/kgb-1/lep-2/ubxn-2/fem-1/nhr-8/daf-14/nhr-67/nhr-114/elt-7/ceh-22/nhr-68/nhr-60/nhr-116/csn-1/pha-4/fox-1/nhr-35/ets-4/F29G6.1/nhr-91/fkh-6/nhr-76/nhr-154/nhr-136/nhr-120/swm-1/pha-2/daf-8/nhr-207/Y47G6A.5/gck-3/nhr-17",52,0.0150680962039988
"GO:0006412","translation","34/3451","168/12859",0.98120297499365,0.999999999999151,0.999999999999151,"aars-2/tufm-2/ZK973.1/nars-1/eif-2beta/mrps-30/eif-6/glp-4/Y105E8A.20/rars-2/eif-2Bgamma/kars-1/eif-2Bepsilon/tars-1/ife-5/iffb-1/gars-1/inf-1/pars-1/mrpl-32/dars-1/mrpl-22/ears-2/eif-1.A/sars-1/iars-1/hars-1/mars-1/erfa-1/C37C3.2/tsfm-1/mrpl-9/mrps-9/F57B9.3",34,0.00985221674876847
"GO:0006334","nucleosome assembly","1/3451","13/12859",0.982828651472886,0.999999999999151,0.999999999999151,"nap-1",1,0.000289771080846132
"GO:0007131","reciprocal meiotic recombination","1/3451","13/12859",0.982828651472886,0.999999999999151,0.999999999999151,"him-6",1,0.000289771080846132
"GO:0007156","homophilic cell adhesion via plasma membrane adhesion molecules","1/3451","13/12859",0.982828651472886,0.999999999999151,0.999999999999151,"cdh-10",1,0.000289771080846132
"GO:0048609","multicellular organismal reproductive process","1/3451","13/12859",0.982828651472886,0.999999999999151,0.999999999999151,"eat-2",1,0.000289771080846132
"GO:0008356","asymmetric cell division","2/3451","20/12859",0.98396045085444,0.999999999999151,0.999999999999151,"insc-1/cyd-1",2,0.000579542161692263
"GO:0008380","RNA splicing","12/3451","72/12859",0.985222686210543,0.999999999999151,0.999999999999151,"rnp-6/prp-31/snrp-27/smu-1/rha-1/sym-2/rsp-2/rsr-2/Y119D3B.12/syf-2/rbm-17/prp-38",12,0.00347725297015358
"GO:0000077","DNA damage checkpoint signaling","1/3451","14/12859",0.987441630125157,0.999999999999151,0.999999999999151,"him-6",1,0.000289771080846132
"GO:0000723","telomere maintenance","1/3451","14/12859",0.987441630125157,0.999999999999151,0.999999999999151,"cku-80",1,0.000289771080846132
"GO:0007265","Ras protein signal transduction","1/3451","14/12859",0.987441630125157,0.999999999999151,0.999999999999151,"bar-1",1,0.000289771080846132
"GO:0010608","post-transcriptional regulation of gene expression","1/3451","14/12859",0.987441630125157,0.999999999999151,0.999999999999151,"gld-1",1,0.000289771080846132
"GO:0033563","dorsal/ventral axon guidance","1/3451","14/12859",0.987441630125157,0.999999999999151,0.999999999999151,"ced-10",1,0.000289771080846132
"GO:1905515","non-motile cilium assembly","3/3451","27/12859",0.987471089955022,0.999999999999151,0.999999999999151,"che-12/osm-6/osm-5",3,0.000869313242538395
"GO:0007281","germ cell development","5/3451","39/12859",0.989611989434421,0.999999999999151,0.999999999999151,"ego-1/rha-1/plp-1/hars-1/rtcb-1",5,0.00144885540423066
"GO:0000070","mitotic sister chromatid segregation","3/3451","28/12859",0.990208314322242,0.999999999999151,0.999999999999151,"lem-3/mel-28/hcp-6",3,0.000869313242538395
"GO:0040028","regulation of vulval development","3/3451","28/12859",0.990208314322242,0.999999999999151,0.999999999999151,"sod-1/bar-1/mab-10",3,0.000869313242538395
"GO:0006470","protein dephosphorylation","10/3451","65/12859",0.990493276358808,0.999999999999151,0.999999999999151,"F26A3.4/vhp-1/T13H5.1/ppm-1.G/Y48G9A.9/ida-1/cdc-25.2/ppm-1.A/Y39A3A.4/ptp-5.2",10,0.00289771080846132
"GO:0000462","maturation of SSU-rRNA from tricistronic rRNA transcript (SSU-rRNA, 5.8S rRNA, LSU-rRNA)","1/3451","15/12859",0.990815622685537,0.999999999999151,0.999999999999151,"rha-2",1,0.000289771080846132
"GO:0042274","ribosomal small subunit biogenesis","1/3451","15/12859",0.990815622685537,0.999999999999151,0.999999999999151,"E02H1.6",1,0.000289771080846132
"GO:0008104","protein localization","9/3451","61/12859",0.991994856506254,0.999999999999151,0.999999999999151,"ttx-7/rab-5/tir-1/hipr-1/fbl-1/fat-3/sas-6/hcp-2/C18B2.5",9,0.00260793972761518
"GO:0006396","RNA processing","4/3451","35/12859",0.992642847462407,0.999999999999151,0.999999999999151,"ssb-1/ZK632.11/rtcb-1/Y34D9A.7",4,0.00115908432338453
"GO:0007276","gamete generation","1/3451","16/12859",0.993283334154878,0.999999999999151,0.999999999999151,"cgh-1",1,0.000289771080846132
"GO:0007517","muscle organ development","1/3451","16/12859",0.993283334154878,0.999999999999151,0.999999999999151,"unc-45",1,0.000289771080846132
"GO:0007626","locomotory behavior","1/3451","16/12859",0.993283334154878,0.999999999999151,0.999999999999151,"dyb-1",1,0.000289771080846132
"GO:0070588","calcium ion transmembrane transport","1/3451","16/12859",0.993283334154878,0.999999999999151,0.999999999999151,"clhm-1",1,0.000289771080846132
"GO:0051321","meiotic cell cycle","19/3451","111/12859",0.994314704410571,0.999999999999151,0.999999999999151,"plk-2/akir-1/air-2/gld-1/lem-3/zyg-11/zyg-9/tac-1/mel-28/cls-2/tim-1/pph-4.1/klp-19/him-6/rbx-1/gfi-3/pelo-1/gck-3/gsp-2",19,0.0055056505360765
"GO:0032259","methylation","19/3451","113/12859",0.995775223919546,0.999999999999151,0.999999999999151,"tyms-1/metr-1/strm-1/R74.7/anmt-2/coq-5/Y39A1A.21/comt-5/R08F11.4/anmt-3/prmt-4/prmt-6/tfbm-1/comt-4/set-27/Y82E9BL.12/lin-59/Y26E6A.3/F13A7.12",19,0.0055056505360765
"GO:0060271","cilium assembly","4/3451","38/12859",0.996373525048769,0.999999999999151,0.999999999999151,"che-10/arl-3/osm-6/osm-5",4,0.00115908432338453
"GO:0040038","polar body extrusion after meiotic divisions","1/3451","18/12859",0.996408097669909,0.999999999999151,0.999999999999151,"klc-2",1,0.000289771080846132
"GO:0006937","regulation of muscle contraction","2/3451","26/12859",0.996900571146609,0.999999999999151,0.999999999999151,"unc-38/aex-1",2,0.000579542161692263
"GO:0001708","cell fate specification","10/3451","72/12859",0.997353096321059,0.999999999999151,0.999999999999151,"aha-1/tir-1/tbx-2/tbx-8/skn-1/fos-1/ceh-22/bar-1/osm-11/tbx-7",10,0.00289771080846132
"GO:0035262","gonad morphogenesis","3/3451","34/12859",0.997858420644847,0.999999999999151,0.999999999999151,"gale-1/nhr-67/ceh-22",3,0.000869313242538395
"GO:0000281","mitotic cytokinesis","3/3451","35/12859",0.9983473806307,0.999999999999151,0.999999999999151,"rab-11.1/cls-2/alx-1",3,0.000869313242538395
"GO:0006325","chromatin organization","7/3451","59/12859",0.998521943210319,0.999999999999151,0.999999999999151,"swsn-2.2/air-2/jmjd-2/nurf-1/C47E8.4/lin-59/gsp-2",7,0.00202839756592292
"GO:0007219","Notch signaling pathway","1/3451","21/12859",0.998595610859384,0.999999999999151,0.999999999999151,"osm-11",1,0.000289771080846132
"GO:0048665","neuron fate specification","1/3451","21/12859",0.998595610859384,0.999999999999151,0.999999999999151,"ztf-6",1,0.000289771080846132
"GO:0006281","DNA repair","16/3451","106/12859",0.998696599005427,0.999999999999151,0.999999999999151,"rpa-2/ubql-1/lem-3/ercc-1/rad-23/polh-1/cku-80/baf-1/gtf-2H3/tim-1/exo-1/ubc-1/swsn-6/him-6/tank-1/F45E1.4",16,0.00463633729353811
"GO:0006260","DNA replication","6/3451","54/12859",0.998701087041126,0.999999999999151,0.999999999999151,"rpa-2/rha-1/mcm-5/pri-1/him-6/C25F9.2",6,0.00173862648507679
"GO:0042254","ribosome biogenesis","4/3451","43/12859",0.998924089183161,0.999999999999151,0.999999999999151,"eif-6/W09C5.1/E02H1.6/sbds-1",4,0.00115908432338453
"GO:0007268","chemical synaptic transmission","7/3451","61/12859",0.999039542100968,0.999999999999151,0.999999999999151,"unc-38/lgc-27/eat-2/lgc-9/lgc-12/acr-15/acr-25",7,0.00202839756592292
"GO:0006397","mRNA processing","14/3451","98/12859",0.99907067113449,0.999999999999151,0.999999999999151,"rnp-6/prp-31/snrp-27/smu-1/rha-1/sym-2/rsp-2/rsr-2/Y119D3B.12/syf-2/dcap-1/rbm-17/prp-38/fubl-3",14,0.00405679513184584
"GO:0006338","chromatin remodeling","17/3451","113/12859",0.999084495013247,0.999999999999151,0.999999999999151,"set-29/pcaf-1/air-2/jmjd-2/cbp-3/Y39A1A.21/swsn-6/gfi-1/F19B2.5/set-30/R09A8.2/zhit-1/set-12/set-27/lin-59/M04C3.1/Y43F8B.15",17,0.00492610837438424
"GO:0040027","negative regulation of vulval development","2/3451","31/12859",0.999239828293499,0.999999999999151,0.999999999999151,"pry-1/tam-1",2,0.000579542161692263
"GO:0007049","cell cycle","19/3451","125/12859",0.999366763278985,0.999999999999151,0.999999999999151,"cdc-48.3/ensa-1/cdc-42/ptc-1/rha-1/cyd-1/rei-1/mcm-5/rmd-1/cul-1/ran-1/lem-4/cyb-1/sas-6/rho-1/cdc-25.2/rei-2/hcp-6/Y48G1C.12",19,0.0055056505360765
"GO:0040017","positive regulation of locomotion","4/3451","48/12859",0.999692462756235,0.999999999999151,0.999999999999151,"dyb-1/pat-4/fbl-1/rho-1",4,0.00115908432338453
"GO:0008406","gonad development","4/3451","51/12859",0.999857085952944,0.999999999999151,0.999999999999151,"rsp-2/cyd-1/tra-1/fkh-6",4,0.00115908432338453
"GO:0006364","rRNA processing","5/3451","59/12859",0.999903329298526,0.999999999999151,0.999999999999151,"W09C5.1/E02H1.6/byn-1/exos-2/tfbm-1",5,0.00144885540423066
"GO:0000398","mRNA splicing, via spliceosome","5/3451","61/12859",0.99994124739695,0.999999999999151,0.999999999999151,"prp-31/smu-1/rsp-2/gkow-1/prp-38",5,0.00144885540423066
"GO:0042048","olfactory behavior","5/3451","67/12859",0.999987122373027,0.999999999999151,0.999999999999151,"gcy-28/tbx-2/vdac-1/hot-2/str-130",5,0.00144885540423066
"GO:0007606","sensory perception of chemical stimulus","3/3451","76/12859",0.999999981276405,0.999999999999151,0.999999999999151,"R13A5.15/gcy-28/srg-15",3,0.000869313242538395
"GO:0050911","detection of chemical stimulus involved in sensory perception of smell","1/3451","64/12859",0.999999998052426,0.999999999999151,0.999999999999151,"str-130",1,0.000289771080846132
"GO:0007186","G protein-coupled receptor signaling pathway","23/3451","248/12859",0.999999999999151,0.999999999999151,0.999999999999151,"lat-2/B0244.10/ric-8/F35H10.10/acy-4/gpa-3/C17H11.1/gpa-12/T04F8.2/sprr-2/B0244.5/srw-85/trhr-1/F59B2.13/npr-20/dmsr-6/gbb-2/ZK418.7/str-130/tpra-1/srw-145/dcar-1/C30A5.10",23,0.00666473485946103
