"Gene","lfc_treat_N2","lfc_treat_RB","lfc_geno_unt","lfc_geno_trt","lfc_gxe","padj_treat_N2","padj_treat_RB","padj_geno_unt","padj_geno_trt","padj_gxe","sig_treat","sig_geno","sig_inter","category","mean_geno_lfc","mean_treat_lfc","ENTREZ"
"W04C9.1",-0.612276362727755,-0.20986915059698,-0.359303857877676,0.0431033542530985,0.402407212130775,0.0150508849015058,0.477748196815171,0.857184579491044,0.924041228857343,0.61683705543929,TRUE,FALSE,FALSE,"Treatment only",-0.158100251812289,-0.411072756662367,171639
"Y47G6A.14",0.685015022836871,0.149992734670396,0.433927042367397,-0.101095245799078,-0.535022288166475,0.00596531409021724,0.640377877273138,0.632766393827892,0.8120323530999,0.493030753004277,TRUE,FALSE,FALSE,"Treatment only",0.166415898284159,0.417503878753633,189994
"Y47G6A.10",-0.245482643116463,-0.489833621121937,0.0408724096900909,-0.203478568315383,-0.244350978005474,0.306720777762777,0.0142635318977131,0.999661050265277,0.47753099607088,0.724195898592285,TRUE,FALSE,FALSE,"Treatment only",-0.081303079312646,-0.3676581321192,171915
"D1037.3",0.989251551480014,1.43208857247254,-0.626212999354335,-0.183375978361805,0.44283702099253,2.85126259004496e-08,1.88335943816849e-16,0.0147462090813641,0.51981030343748,0.464712934343767,TRUE,TRUE,FALSE,"Interaction",-0.40479448885807,1.21067006197628,171934
"E01A2.6",1.12667305346935,0.852816078290024,0.129722190427426,-0.144134784751898,-0.273856975179324,1.168782721303e-22,8.5571416897168e-13,0.999661050265277,0.447191074724738,0.504048512529082,TRUE,FALSE,FALSE,"Treatment only",-0.00720629716223579,0.989744565879686,171997
"R12E2.13",0.370397352087789,0.856400006076052,-0.0316606139452663,0.454342040042998,0.486002653988264,0.24563960831121,0.00101601164938409,0.999661050265277,0.209111457428028,0.580985817364468,TRUE,FALSE,FALSE,"Treatment only",0.211340713048866,0.613398679081921,172010
"F55A12.7",0.637682656870321,0.567432110155772,0.0382068700590037,-0.0320436766555456,-0.0702505467145493,8.68031769328111e-05,0.000721603360127509,0.999661050265277,0.918784912800639,0.926861023915789,TRUE,FALSE,FALSE,"Treatment only",0.00308159670172903,0.602557383513046,172180
"F33D11.8",1.53815648260246,2.08652381019241,-0.0609809696962538,0.487386357893697,0.548367327589951,7.49515395272425e-05,3.47718586571921e-08,0.999661050265277,0.402246904003828,0.703385149831053,TRUE,FALSE,FALSE,"Treatment only",0.213202694098722,1.81234014639744,185230
"C48E7.11",-0.657527218977027,-0.0947694406560823,-0.185868685035257,0.376889093285687,0.562757778320945,0.0208348436953879,0.804089630357014,0.999661050265277,0.342487647423915,0.515239171721729,TRUE,FALSE,FALSE,"Treatment only",0.0955102041252148,-0.376148329816555,172319
"C55B7.4",0.0375279397059706,0.0313199563386987,-0.760918496753736,-0.767126480121008,-0.00620798336727188,0.936888336830217,0.934544828178299,0.0366614017535751,0.017363558824134,0.998105234629645,FALSE,TRUE,FALSE,"Genotype only",-0.764022488437372,0.0344239480223346,172358
"D2005.5",-0.558290821564833,-0.973356460100833,-0.216718635837233,-0.631784274373232,-0.415065638535999,0.103488114860517,0.0014881625221188,0.999661050265277,0.127115236168601,0.703385149831053,TRUE,FALSE,FALSE,"Treatment only",-0.424251455105233,-0.765823640832833,172546
"R05D11.1",1.89833815239859,1.30356561604074,-0.0556045553350909,-0.650377091692939,-0.594772536357848,1.35290904731874e-06,0.00187278594808542,0.999661050265277,0.267012755312247,0.686737692869295,TRUE,FALSE,FALSE,"Treatment only",-0.352990823514015,1.60095188421966,187612
"F25H5.4",-0.171651459854394,0.430256867881173,0.155362418265869,0.757270746001436,0.601908327735566,0.659712830020326,0.130898213080572,0.999661050265277,0.0236340229049943,0.462381986909121,FALSE,TRUE,FALSE,"Genotype only",0.456316582133652,0.12930270401339,172743
"C04F12.3",1.64974347241581,1.6262359436842,-0.12165216353859,-0.145159692270197,-0.0235075287316066,1.33641847858176e-19,1.19956936000519e-18,0.999661050265277,0.646356558779129,0.980504416179811,TRUE,FALSE,FALSE,"Treatment only",-0.133405927904393,1.63798970805001,172817
"F26E4.12",0.368227995496759,0.733095762383207,0.040685918498288,0.405553685384736,0.364867766886448,0.256674598938336,0.00699938084751476,0.999661050265277,0.280472991144425,0.701597199239361,TRUE,FALSE,FALSE,"Treatment only",0.223119801941512,0.550661878939983,184981
"F25H2.1",3.10872642696303,2.50417711558345,0.207773775970686,-0.396775535408892,-0.604549311379579,2.21325984047166e-39,2.06943488251861e-25,0.999661050265277,0.295774797069472,0.477552827577865,TRUE,FALSE,FALSE,"Treatment only",-0.0945008797191031,2.80645177127324,172936
"C47B2.6",-0.451017722766937,-0.371584771154617,-0.169173469799914,-0.089740518187594,0.0794329516123202,0.0183014989216334,0.061491667035998,0.999661050265277,0.773131496559054,0.922718850503421,TRUE,FALSE,FALSE,"Treatment only",-0.129456993993754,-0.411301246960777,173171
"C47B2.8",-0.645706598182662,-0.551574612403613,-0.244235656074679,-0.150103670295631,0.0941319857790482,0.0108974366380132,0.0384684064149834,0.999661050265277,0.715537860790711,0.932784396485274,TRUE,FALSE,FALSE,"Treatment only",-0.197169663185155,-0.598640605293137,353387
"T04D3.4",0.777254629524862,0.0726687136844002,0.433226715745657,-0.271359200094805,-0.704585915840462,0.0187073008088052,0.876334392205905,0.922021041076454,0.575555485755484,0.483086051089839,TRUE,FALSE,FALSE,"Treatment only",0.080933757825426,0.424961671604631,173202
"C37A5.3",2.00395966634294,2.38214373449825,0.0593110250813926,0.437495093236703,0.37818406815531,2.59668197038478e-05,4.29394787941245e-07,0.999661050265277,0.555236137599986,0.847533860471726,TRUE,FALSE,FALSE,"Treatment only",0.248403059159048,2.1930517004206,13182956
"C37A5.2",1.31847993579972,1.56016300185301,0.311174333051415,0.552857399104708,0.241683066053294,0.00815153913939734,0.00128160130973467,0.999661050265277,0.435100332320382,0.905829335127321,TRUE,FALSE,FALSE,"Treatment only",0.432015866078062,1.43932146882636,259409
"T07H3.3",-1.32128022922946,-3.62049906448178,-1.96584739183275,-4.26506622708507,-2.29921883525232,0.00639189801633603,6.50899588299351e-07,0.000389895870346762,NA,0.173857503056943,TRUE,TRUE,FALSE,"Interaction",-3.11545680945891,-2.47088964685562,188249
"F43C11.7",-1.22356096299735,-1.00265244081117,-0.114790086768312,0.106118435417869,0.220908522186181,5.60869035391737e-08,2.06137606993344e-05,0.999661050265277,0.798190693943597,0.811057379540473,TRUE,FALSE,FALSE,"Treatment only",-0.00433582567522125,-1.11310670190426,173591
"F43C11.3",-2.71541883007409,-1.48978521127511,-0.726988968757487,0.498644650041485,1.22563361879897,1.43031927335733e-05,0.0344127852781971,0.999661050265277,0.635263794204592,0.581169027904367,TRUE,FALSE,FALSE,"Treatment only",-0.114172159358001,-2.1026020206746,179872
"ZK430.2",-0.517387418830204,0.0397815129833502,-0.337186406519184,0.219982525294371,0.557168931813555,0.00942765328323012,0.891406613917331,0.649239896642881,0.443685342871637,0.339024496105818,TRUE,FALSE,FALSE,"Treatment only",-0.0586019406124065,-0.238802952923427,173777
"F41C3.8",1.39470543022845,0.800678183453117,0.174821606887164,-0.419205639888173,-0.594027246775337,1.27000215342519e-12,0.000193921812458758,0.999661050265277,0.161890737806911,0.370680901406163,TRUE,FALSE,FALSE,"Treatment only",-0.122192016500505,1.09769180684079,173814
"F11G11.3",0.900825608785242,1.21413208899963,0.200360568931439,0.51366704914583,0.313306480214391,0.00521929211752852,8.6073024126805e-05,0.999661050265277,0.247123411812095,0.791292415722164,TRUE,FALSE,FALSE,"Treatment only",0.357013809038635,1.05747884889244,173841
"F11G11.2",2.14617058088498,2.80780007918243,-0.0859060985397677,0.575723399757681,0.661629498297449,5.11150919959859e-14,2.12499419327621e-23,0.999661050265277,0.181262787176279,0.508850554627299,TRUE,FALSE,FALSE,"Treatment only",0.244908650608957,2.47698533003371,173842
"F08B1.1",2.64355968397857,1.59008020191406,0.435193589188818,-0.61828589287569,-1.05347948206451,9.08116914989147e-12,0.000121446824204861,0.999661050265277,0.30394098133541,0.424509237443095,TRUE,FALSE,FALSE,"Treatment only",-0.091546151843436,2.11681994294631,173904
"C17C3.4",2.65255470395596,2.75387932020845,-0.259583546047025,-0.158258929794542,0.101324616252484,1.00971361980406e-06,5.30575424938466e-07,0.999661050265277,0.876738991942942,0.970959060650817,TRUE,FALSE,FALSE,"Treatment only",-0.208921237920783,2.7032170120822,173941
"C17G10.5",0.115467439970352,0.793377997798042,-0.270870529417552,0.407040028410138,0.67791055782769,0.807353629248046,0.00613884856883344,0.999661050265277,0.314851830362896,0.446641858558696,TRUE,FALSE,FALSE,"Treatment only",0.0680847494962926,0.454422718884197,173944
"C32D5.2",-1.12038128379934,-1.20906511812719,-0.304387552782446,-0.393071387110296,-0.08868383432785,0.00101426790362121,0.000403716853313713,0.999661050265277,0.438625755706522,0.956995985468114,TRUE,FALSE,FALSE,"Treatment only",-0.348729469946371,-1.16472320096327,174044
"C32D5.9",1.13577753872282,1.41967873407941,-0.0225865374741819,0.261314657882414,0.283901195356596,1.50177332282068e-06,1.02033629706398e-09,0.999661050265277,0.480192075354662,0.758385228212808,TRUE,FALSE,FALSE,"Treatment only",0.119364060204116,1.27772813640111,174050
"T25D10.1",-0.198664174666045,-0.769643393761702,0.446662117639107,-0.12431710145655,-0.570979219095657,0.706600652836048,0.0331952408139061,0.963603302770138,0.835173588917504,0.616233817631772,TRUE,FALSE,FALSE,"Treatment only",0.161172508091278,-0.484153784213873,174062
"F54H5.4",-0.11117245684868,-0.591937340311222,0.136654934931737,-0.344109948530805,-0.480764883462542,0.80155514776,0.0395537367784606,0.999661050265277,0.381789979179057,0.592341378673598,TRUE,FALSE,FALSE,"Treatment only",-0.103727506799534,-0.351554898579951,191713
"T19D12.4",2.59383455254615,1.45063138557635,0.426110556267365,-0.717092610702436,-1.1432031669698,4.98948968774792e-09,0.00260238490737134,0.999661050265277,0.289409339839444,0.446641858558696,TRUE,FALSE,FALSE,"Treatment only",-0.145491027217535,2.02223296906125,174096
"E04F6.3",-0.843513962301741,-0.79346273409032,-0.246073129327439,-0.196021901116018,0.0500512282114209,0.000887332407735591,0.00213972152309705,0.999661050265277,0.623084975700322,0.966590131438819,TRUE,FALSE,FALSE,"Treatment only",-0.221047515221728,-0.818488348196031,174181
"F32A5.5",-1.86752767252037,-1.3015916129154,-0.261475409432282,0.304460650172691,0.565936059604973,6.33700107426932e-09,0.000137532714652389,0.999661050265277,0.56394885863409,0.628012619500107,TRUE,FALSE,FALSE,"Treatment only",0.0214926203702044,-1.58455964271788,174190
"F43E2.4",3.55895275366495,2.55483011563316,0.0137821476794798,-0.990340490352312,-1.00412263803179,4.56917421811478e-103,1.55928094804319e-52,0.999661050265277,5.9295056478518e-07,0.00319576679273457,TRUE,TRUE,TRUE,"Interaction",-0.488279171336416,3.05689143464905,174204
"C18E9.9",1.94404841378236,2.03622248594485,-0.131926857564303,-0.0397527854018094,0.0921740721624937,1.77246002898335e-22,2.59533480941666e-24,0.999661050265277,0.924041228857343,0.927554052148966,TRUE,FALSE,FALSE,"Treatment only",-0.0858398214830563,1.9901354498636,182792
"T26C5.1",2.62178650558875,2.14256532423107,0.188179168537687,-0.291042012819995,-0.479221181357682,1.28014196734505e-36,2.55780397808684e-24,0.999661050265277,0.389895597432666,0.521059766809963,TRUE,FALSE,FALSE,"Treatment only",-0.0514314221411543,2.38217591490991,188915
"ZK1320.1",-2.00374536260401,-2.21255594365735,-0.390385459749959,-0.599196040803301,-0.208810581053342,1.06714312977002e-18,1.07700624548183e-20,0.794607614256954,0.0931343656028696,0.838565198278745,TRUE,FALSE,FALSE,"Treatment only",-0.49479075027663,-2.10815065313068,191563
"ZK1320.2",-1.06784542084452,0.00825225912126595,-0.159795196890074,0.916302483075709,1.07609767996578,0.000767610585531179,0.987801807329178,0.999661050265277,0.027779659119653,0.228272566140287,TRUE,TRUE,FALSE,"Interaction",0.378253643092818,-0.529796580861626,174520
"ZK1321.3",0.0998477369890103,0.48039637344955,-0.12139817990448,0.259150456556059,0.380548636460539,0.743562189226593,0.0159629788101004,0.999661050265277,0.349435190876275,0.540793080198875,TRUE,FALSE,FALSE,"Treatment only",0.0688761383257897,0.29012205521928,174537
"ZK673.1",-1.88439499613128,-0.771249707254851,-0.596288767901646,0.516856520974785,1.11314528887643,0.000170428503294068,0.18387018595439,0.999661050265277,0.502790998473028,0.495858590484701,TRUE,FALSE,FALSE,"Treatment only",-0.0397161234634302,-1.32782235169307,174607
"ZK666.6",-1.60320503242157,-0.925512223349293,-0.851457838763545,-0.17376502969127,0.677692809072275,2.30146885256729e-06,0.0148704600365542,0.226090042361261,0.779356541868544,0.580489708152948,TRUE,FALSE,FALSE,"Treatment only",-0.512611434227407,-1.26435862788543,191384
"ZK666.7",-2.65428298511162,-3.24093348030288,-0.728407113024347,-1.31505760821561,-0.586650495191259,1.69303677702783e-07,2.49680255213417e-09,0.934470041981446,0.096602268669227,0.776349350357002,TRUE,FALSE,FALSE,"Treatment only",-1.02173236061998,-2.94760823270725,174613
"R03D7.6",4.03626157695945,3.84661590980072,0.290748111346715,0.101102444187994,-0.189645667158721,1.14605184442236e-49,7.39033392999222e-45,0.999661050265277,0.854095697151413,0.880433710133174,TRUE,FALSE,FALSE,"Treatment only",0.195925277767354,3.94143874338009,187537
"F40F8.7",1.39913258272799,0.992221713784962,-0.332939382808966,-0.739850251751993,-0.406910868943028,8.39862758822701e-15,1.40256622553039e-07,0.706953148634505,0.00192134974905732,0.521059766809963,TRUE,TRUE,FALSE,"Interaction",-0.53639481728048,1.19567714825648,174705
"Y17G7B.8",0.545063146122072,0.239793286487026,0.176794485082942,-0.128475374552104,-0.305269859635046,0.0139334425658825,0.344558355334568,0.999661050265277,0.713137535452342,0.68684393194092,TRUE,FALSE,FALSE,"Treatment only",0.0241595552654189,0.392428216304549,189455
"F35C5.9",-1.23860627125546,-0.662220386562889,0.200539959866306,0.776925844558877,0.576385884692571,1.45535755325567e-05,0.037730792351569,0.999661050265277,0.0537955266773368,0.562164327137928,TRUE,FALSE,FALSE,"Treatment only",0.488732902212591,-0.950413328909174,174929
"F37B1.1",0.455173242017164,1.23772748396587,-0.300736336674221,0.481817905274484,0.782554241948705,0.384648167963745,0.00216880404019842,0.999661050265277,0.408512484324376,0.550158201698616,TRUE,FALSE,FALSE,"Treatment only",0.0905407843001318,0.846450362991517,185407
"F08G2.5",4.77500536807804,5.20233591429622,0.047684985537478,0.475015531755657,0.427330546218179,2.23414254155608e-45,1.49630630924047e-53,0.999661050265277,0.380860767435312,0.762156312523304,TRUE,FALSE,FALSE,"Treatment only",0.261350258646568,4.98867064118713,184201
"W07G1.3",0.403823486031493,1.10519807126228,-0.293003708130171,0.408370877100619,0.70137458523079,0.314690799135779,0.000450449601001228,0.999661050265277,0.375341093687231,0.485634518022268,TRUE,FALSE,FALSE,"Treatment only",0.0576835844852236,0.754510778646888,189280
"Y39G8B.9",-1.16435025676414,0.426548281857249,-0.207111892160816,1.38378664646057,1.59089853862139,0.0136658534174878,0.435698571644642,0.999661050265277,0.0172981574809328,0.189343484775253,TRUE,TRUE,FALSE,"Interaction",0.588337377149878,-0.368900987453445,3565341
"F01D5.1",-1.25632488870816,-0.559252785547051,0.776281149032787,1.47335325219389,0.697072103161107,0.00851283122848588,0.298424165241264,0.704896697041858,0.0121236543145502,0.665792604581203,TRUE,TRUE,FALSE,"Interaction",1.12481720061334,-0.907788837127605,175049
"B0412.2",0.747539682269583,1.1724309302484,0.352005964834733,0.776897212813548,0.424891247978815,0.0216829826913368,0.000100356225069557,0.999661050265277,0.0577776195686916,0.701597199239361,TRUE,FALSE,FALSE,"Treatment only",0.564451588824141,0.95998530625899,175237
"K02F3.4",1.49030581983993,0.20838749668221,1.02694220529313,-0.254976117864586,-1.28191832315772,3.99781736394076e-09,0.540291075083754,0.00182492968946587,0.530715176101713,0.0194181060686695,TRUE,TRUE,TRUE,"Interaction",0.385983043714273,0.849346658261068,175240
"T12B5.8",1.065312617619,0.0974424511875872,0.54658030617184,-0.421289860259573,-0.967870166431413,0.000787923506844237,0.830448884840273,0.6823702058591,0.363608939076114,0.311168443157457,TRUE,FALSE,FALSE,"Treatment only",0.0626452229561332,0.581377534403294,188447
"T12B5.10",3.35573777879316,1.35230027324287,0.980267345770627,-1.02317015977966,-2.00343750555029,1.63707161264783e-50,1.61190939158422e-08,0.00138315827839951,0.000586814716453666,8.72497938136965e-08,TRUE,TRUE,TRUE,"Interaction",-0.0214514070045183,2.35401902601801,188448
"Y119D3B.19",-2.94841307585577,-4.38781333712616,0.393485924625141,-1.04591433664525,-1.43940026127039,0.057831559578449,0.00389721667846864,0.999661050265277,NA,0.791292415722164,TRUE,FALSE,FALSE,"Treatment only",-0.326214206010052,-3.66811320649096,191061
"ZC47.7",-4.66360905981737,-3.33730201423017,1.03119678699049,2.35750383257769,1.3263070455872,0.00229239807565804,0.028243077291872,0.999661050265277,NA,0.816570252930672,TRUE,FALSE,FALSE,"Treatment only",1.69435030978409,-4.00045553702377,191061
"ZC47.4",3.92447160578355,3.13259437793842,1.14031351481964,0.348436286974519,-0.791877227845124,2.69293267743442e-07,5.87932255234183e-05,0.91583291019607,0.795676024071711,0.791292415722164,TRUE,FALSE,FALSE,"Treatment only",0.744374900897081,3.52853299186099,191058
"F13B10.1",1.87684402415868,0.686937169190419,0.643668636612697,-0.546238218355563,-1.18990685496826,1.95571785727066e-07,0.102091029976266,0.706081996177346,0.321607601176986,0.293029585897503,TRUE,FALSE,FALSE,"Treatment only",0.0487152091285669,1.28189059667455,175502
"R74.3",0.831749754100972,0.586430186571105,0.0352436275954032,-0.210075939934463,-0.245319567529866,0.000148211894576572,0.0116538311172474,0.999661050265277,0.53105236584945,0.764694290611478,TRUE,FALSE,FALSE,"Treatment only",-0.08741615616953,0.709089970336039,175541
"F43C1.2",-0.349246446515126,-0.469080331096042,0.17504275259392,0.055208868013005,-0.119833884580915,0.123241869473543,0.0248991488228079,0.999661050265277,0.877019693650708,0.882825700886498,TRUE,FALSE,FALSE,"Treatment only",0.115125810303463,-0.409163388805584,175545
"F56D2.5",3.91097774696871,2.07290561325242,0.403389308704569,-1.43468282501172,-1.83807213371629,6.83544735931593e-72,3.39712852895885e-20,0.757636256131531,1.74190408370369e-08,7.34733157073261e-07,TRUE,TRUE,TRUE,"Interaction",-0.515646758153575,2.99194168011056,186378
"C09E7.8",-0.302722917824891,-1.02029245006267,0.292956653125548,-0.424612879112231,-0.71756953223778,0.48606383574209,0.00156030311174231,0.999661050265277,0.361674291542385,0.478366984434818,TRUE,FALSE,FALSE,"Treatment only",-0.0658281129933415,-0.661507683943781,175931
"R13F6.9",0.370770555655524,-0.0480246954662374,-0.13810258707819,-0.556897838199952,-0.418795251121762,0.0990130609737896,0.871216886965933,0.999661050265277,0.0354268647064145,0.51353569613973,FALSE,TRUE,FALSE,"Genotype only",-0.347500212639071,0.161372930094643,175955
"K12H4.8",-0.221303631855555,-0.946842694322559,0.0914939927549399,-0.634045069712064,-0.725539062467004,0.731808861863292,0.0269030970198429,0.999661050265277,0.269999704399136,0.592341378673598,TRUE,FALSE,FALSE,"Treatment only",-0.271275538478562,-0.584073163089057,176138
"D2007.1",0.36059670574138,0.852166662475782,-0.0515192133553206,0.440050743379082,0.491569956734402,0.335737207711501,0.00460140547116076,0.999661050265277,0.294059945311889,0.616632953230778,TRUE,FALSE,FALSE,"Treatment only",0.194265765011881,0.606381684108581,183937
"C02F5.8",3.13713231337029,1.80604634833751,0.573026955078397,-0.758059009954393,-1.33108596503279,1.26099502527152e-14,3.3179451246876e-05,0.985470825514918,0.221202268467935,0.316455323643784,TRUE,FALSE,FALSE,"Treatment only",-0.0925160274379977,2.4715893308539,192096
"F09G8.2",-0.516698974090559,-0.596060252932151,-0.0276988407275478,-0.10706011956914,-0.0793612788415924,0.0914017834062508,0.043579535159085,0.999661050265277,0.825080934655046,0.950472995747819,TRUE,FALSE,FALSE,"Treatment only",-0.067379480148344,-0.556379613511355,176166
"ZK637.8",0.686951843713021,0.0344055429040781,0.2156769780354,-0.436869322773543,-0.652546300808943,0.0202718017085733,0.935434418847794,0.999661050265277,0.270497872770535,0.464073603903552,TRUE,FALSE,FALSE,"Treatment only",-0.110596172369071,0.36067869330855,176257
"R107.7",3.30102406724103,3.16694510658135,0.302249967642919,0.168171006983232,-0.134078960659687,6.23190962646241e-56,2.72529757162085e-51,0.985757781953417,0.650510590064494,0.891952316825391,TRUE,FALSE,FALSE,"Treatment only",0.235210487313076,3.23398458691119,176281
"T07C4.7",-0.234051818276181,0.677577400456371,-0.184782381314514,0.726846837418039,0.911629218732552,0.543693639693304,0.0167531243831677,0.999661050265277,0.0423969843329539,0.22896027069931,TRUE,TRUE,FALSE,"Interaction",0.271032228051762,0.221762791090095,260040
"T07C4.8",0.452365620792956,0.567893415913139,-0.117402442137348,-0.00187464701716466,0.115527795120183,0.00567946334538893,0.000443626281487937,0.999661050265277,0.995144342889022,0.859049081659848,TRUE,FALSE,FALSE,"Treatment only",-0.0596385445772563,0.510129518353047,3565776
"T07C4.4",-2.34773880024832,-0.878269086818842,-0.458091388028342,1.01137832540114,1.46946971342948,3.51314221649612e-10,0.0416309082755012,0.999661050265277,0.0609480950722298,0.173130019125175,TRUE,FALSE,FALSE,"Treatment only",0.276643468686398,-1.61300394353358,176452
"C18D11.6",4.92092962624522,5.30395263503121,0.804286029085709,1.1873090378717,0.383023008785987,6.01731747240603e-19,2.39235210547887e-22,0.979969518178812,0.144843939053415,0.877803956984113,TRUE,FALSE,FALSE,"Treatment only",0.995797533478703,5.11244113063822,259533
"R02D3.8",2.85512987296524,2.14009166717535,0.428743045129279,-0.286295160660615,-0.715038205789894,2.26811631416647e-41,4.3305302101307e-23,0.637418976748559,0.408850164322035,0.315731831003101,TRUE,FALSE,FALSE,"Treatment only",0.0712239422343319,2.4976107700703,176845
"T07A9.3",0.585538991053073,0.434159166625177,-0.231373052106391,-0.382752876534287,-0.151379824427896,0.000623275767926201,0.0167001621191036,0.952959357581842,0.102373250327446,0.824021762673807,TRUE,FALSE,FALSE,"Treatment only",-0.307062964320339,0.509849078839125,176866
"M04G7.1",-0.0438494230620856,1.05480136898332,-0.175844312918769,0.922806479126637,1.09865079204541,0.949356518491888,0.00342704493093536,0.999661050265277,0.0508235475450382,0.294234238754232,TRUE,FALSE,FALSE,"Treatment only",0.373481083103934,0.505475972960618,176875
"K03H6.7",-2.91841485387626,-1.17469053086291,-1.12053216425579,0.623192158757565,1.74372432301335,0.0122763165125234,0.386031420846437,0.999661050265277,NA,0.652004101208145,TRUE,FALSE,FALSE,"Treatment only",-0.24867000274911,-2.04655269236958,4363071
"C34H4.1",1.42984367688091,0.829613624230829,0.661481460925022,0.06125140827494,-0.600230052650082,1.55676003207444e-14,3.00085829606648e-05,0.0178350987891373,0.867497689744556,0.323814615115263,TRUE,TRUE,FALSE,"Interaction",0.361366434599981,1.12972865055587,176963
"C45G7.3",-2.66550095107337,-0.39478449999864,-1.96501112232771,0.305705328747018,2.27071645107473,4.59653245265159e-08,0.550950971724034,0.00173536118576057,0.722473485221865,0.0495152180659278,TRUE,TRUE,TRUE,"Interaction",-0.829652896790345,-1.530142725536,177033
"Y54G2A.8",-2.30964719760967,-1.84843433449288,-0.820518989817245,-0.359306126700457,0.461212863116788,1.14476985783812e-09,9.29061696849635e-06,0.422182529340091,0.593768458028455,0.764541278292853,TRUE,FALSE,FALSE,"Treatment only",-0.589912558258851,-2.07904076605128,177064
"W05E7.1",-1.80968446749075,-1.31811890813644,-0.27901509092386,0.212550468430447,0.491565559354307,9.32773689048437e-21,7.04059415691764e-11,0.972822399318729,0.514939200953588,0.473906122831422,TRUE,FALSE,FALSE,"Treatment only",-0.0332323112467066,-1.56390168781359,177109
"F49F1.5",-1.99982139926648,-0.937821053312113,-0.203715461389737,0.858284884564633,1.06200034595437,7.05817840556666e-08,0.0250952584673694,0.999661050265277,0.113197482178181,0.391627934010452,TRUE,FALSE,FALSE,"Treatment only",0.327284711587448,-1.4688212262893,186062
"F49F1.6",1.47463120743246,0.775335637188466,0.45782941233522,-0.241466157908778,-0.699295570243999,1.33137282214872e-05,0.0415636980790172,0.979969518178812,0.667664307699961,0.548458921175739,TRUE,FALSE,FALSE,"Treatment only",0.108181627213221,1.12498342231047,186063
"C39H7.4",-2.00560951808183,-1.85142804134029,-0.058026073139635,0.0961554036019074,0.154181476741542,2.92086788673518e-34,1.2670391694654e-27,0.999661050265277,0.764392873646451,0.835260693130924,TRUE,FALSE,FALSE,"Treatment only",0.0190646652311362,-1.92851877971106,183349
"T19E7.2",1.34065294399194,0.80702961475053,0.218683754952276,-0.31493957428913,-0.533623329241406,6.8718994367548e-06,0.0126803289357301,0.999661050265277,0.498062458764818,0.61303742698438,TRUE,FALSE,FALSE,"Treatment only",-0.048127909668427,1.07384127937123,177343
"F38A5.3",2.32650268652072,1.56802340629229,-0.100495662897139,-0.858974943125569,-0.75847928022843,6.58733034064726e-45,7.39107659857945e-20,0.999661050265277,4.08422480585742e-05,0.0877551041325116,TRUE,TRUE,FALSE,"Interaction",-0.479735303011354,1.9472630464065,177420
"C17H12.8",1.12091864224791,0.15117390860364,-0.254176347398266,-1.22392108104254,-0.969744733644271,2.18833145125988e-07,0.608422270231783,0.999661050265277,4.66101103148159e-07,0.0637645794621642,TRUE,TRUE,FALSE,"Interaction",-0.739048714220402,0.636046275425776,177447
"H20E11.3",0.892278968387353,1.6238578260744,-0.180980544543269,0.550598313143782,0.73157885768705,0.0112060962004173,5.82890796168602e-07,0.999661050265277,0.247957932635945,0.496596414538888,TRUE,FALSE,FALSE,"Treatment only",0.184808884300257,1.25806839723088,177448
"B0496.7",0.0291346763253082,0.856933913482072,-0.796485700768579,0.0313135363881847,0.827799237156764,0.969849354196142,0.0376124168862187,0.381688607568208,0.968902088829611,0.495858590484701,TRUE,FALSE,FALSE,"Treatment only",-0.382586082190197,0.44303429490369,182010
"C33H5.13",0.280394974072362,0.909960041707449,-0.0333233940745649,0.596241673560522,0.629565067635087,0.638787280281217,0.0321835898146343,0.999661050265277,0.297819272099088,0.648315836000199,TRUE,FALSE,FALSE,"Treatment only",0.281459139742979,0.595177507889906,183188
"C06A6.3",1.14722227494762,1.18682218300344,-0.133674752386077,-0.0940748443302532,0.0395999080558241,3.6285783858238e-17,1.41111232494023e-17,0.999661050265277,0.701379956284551,0.956502151661334,TRUE,FALSE,FALSE,"Treatment only",-0.113874798358165,1.16702222897553,182286
"C55F2.2",0.762122172703316,0.488848492365862,0.528144904708974,0.25487122437152,-0.273273680337454,0.0176596761355394,0.151693560338714,0.667998800321295,0.585823363770195,0.817139007059314,TRUE,FALSE,FALSE,"Treatment only",0.391508064540247,0.625485332534589,183853
"B0218.8",-1.19475989500776,-0.451802816094349,-0.156186571561594,0.586770507351821,0.742957078913414,1.01910938814434e-05,0.155546543215249,0.999661050265277,0.13271663405015,0.396153528667961,TRUE,FALSE,FALSE,"Treatment only",0.215291967895113,-0.823281355551056,181855
"C49C8.5",-0.618899711257727,-0.802196165860257,-0.152975154785281,-0.336271609387811,-0.18329645460253,0.000197739073285537,1.01809603302496e-06,0.999661050265277,0.156676763374302,0.768584495720361,TRUE,FALSE,FALSE,"Treatment only",-0.244623382086546,-0.710547938558992,177668
"C10C5.2",5.76479563959039,3.19821841025186,2.08172257685793,-0.484854652480591,-2.56657722933852,1.58224534451804e-138,3.34103411006458e-44,1.03105460384073e-16,0.172274580359196,1.51644974118466e-12,TRUE,TRUE,TRUE,"Interaction",0.798433962188671,4.48150702492112,182493
"W08D2.4",-0.490564333571762,-0.381695088406976,-0.309799756681226,-0.20093051151644,0.108869245164786,0.0330753411343392,0.104825542287395,0.887305636831371,0.530715176101713,0.904839252055513,TRUE,FALSE,FALSE,"Treatment only",-0.255365134098833,-0.436129710989369,177820
"C47E12.4",0.977455149167795,1.22982024175198,-0.182484240573959,0.0698808520102223,0.252365092584182,2.90796623159593e-08,1.54079039902156e-12,0.999661050265277,0.832158911155399,0.711716993082934,TRUE,FALSE,FALSE,"Treatment only",-0.0563016942818686,1.10363769545989,177856
"K04D7.1",0.0745339977979996,0.857252698656897,0.0512157617292214,0.833934462588119,0.782718700858897,0.888320443062287,0.00454941293140355,0.999661050265277,0.0307799055784027,0.392391124299919,TRUE,TRUE,FALSE,"Interaction",0.44257511215867,0.465893348227448,177895
"Y43C5A.3",0.367918445075997,0.994610292541351,0.0136974510020613,0.640389298467415,0.626691847465354,0.381941204287046,0.00213845585294766,0.999661050265277,0.145018967638147,0.552537957458532,TRUE,FALSE,FALSE,"Treatment only",0.327043374734738,0.681264368808674,189848
"F01D4.2",1.63155505095986,-0.224375033165003,0.0765758015062993,-1.77935428261856,-1.85593008412486,3.11653064852169e-08,0.576888074317737,0.999661050265277,6.87593538973406e-08,0.000497737810994621,TRUE,TRUE,TRUE,"Interaction",-0.851389240556132,0.703590008897428,177939
"T25B9.9",0.637356666735599,0.471057569811927,-0.06908078462317,-0.235379881546842,-0.166299096923672,0.000105352815413257,0.00679703451883329,0.999661050265277,0.336221286567897,0.791292415722164,TRUE,FALSE,FALSE,"Treatment only",-0.152230333085006,0.554207118273763,177971
"ZK593.6",1.209365027,0.981493353961335,0.175616726829109,-0.0522549462095574,-0.227871673038667,5.76687807361794e-11,2.50931327746029e-07,0.999661050265277,0.884095615322338,0.759035921756296,TRUE,FALSE,FALSE,"Treatment only",0.0616808903097759,1.09542919048067,177989
"ZK593.8",0.545508433575125,0.101183835412975,0.00171615621684154,-0.442608441945308,-0.44432459816215,0.0406705599804432,0.767545458479587,0.999661050265277,0.197928653755453,0.592341378673598,TRUE,FALSE,FALSE,"Treatment only",-0.220446142864233,0.32334613449405,177990
"F58B3.1",-1.79121522922058,-1.15553601750046,-0.758948046635596,-0.123268834915474,0.635679211720123,1.9623667115735e-10,0.00011217158240908,0.182665232371694,0.814263817637852,0.514135026265517,TRUE,FALSE,FALSE,"Treatment only",-0.441108440775535,-1.47337562336052,178086
"F58B3.3",-3.06489025210692,-1.81861935704039,-0.866710454257398,0.37956044080913,1.24627089506653,0.00896198369321677,0.161863470824202,0.999661050265277,NA,0.765337288293894,TRUE,FALSE,FALSE,"Treatment only",-0.243575006724134,-2.44175480457365,178087
"F28D1.3",-2.51718574405637,0.636781753904788,-3.18463304801662,-0.0306655500554537,3.15396749796116,0.00836172493428086,0.595210285718169,0.00776415921725163,0.988254678088107,0.226599234400274,TRUE,TRUE,FALSE,"Interaction",-1.60764929903603,-0.940201995075793,185060
"F28D1.5",-3.67449132567131,-3.2754328790421,-1.96490635995126,-1.56584791332205,0.39905844662921,2.30016071299943e-15,4.26851793210924e-11,0.0012131247905063,0.025326290614814,0.847619801970871,TRUE,TRUE,FALSE,"Interaction",-1.76537713663666,-3.47496210235671,178187
"F08G5.6",-0.584243538253401,-0.874807263173108,0.695806551152636,0.405242826232929,-0.290563724919707,0.00170923920692977,8.46577087853027e-07,0.00190648041351459,0.109360416516004,0.650052332408322,TRUE,TRUE,FALSE,"Interaction",0.550524688692782,-0.729525400713255,184206
"K08E7.7",3.30848558525965,1.8473267086805,0.293297271932764,-1.16786160464639,-1.46115887657915,6.14365502982898e-22,3.98781854963733e-07,0.999661050265277,0.017363558824134,0.126804269615209,TRUE,TRUE,FALSE,"Interaction",-0.437282166356813,2.57790614697008,178214
"ZK896.7",-1.45793071768679,-1.6712395922167,0.0975102194101791,-0.115798655119731,-0.21330887452991,2.97391952721848e-08,5.20939177037993e-10,0.999661050265277,0.817484145517027,0.84983832818357,TRUE,FALSE,FALSE,"Treatment only",-0.00914421785477582,-1.56458515495174,178238
"ZK896.6",0.108183831426028,-0.633284036103371,0.269366058691599,-0.4721018088378,-0.741467867529399,0.803120645274119,0.0245048991621767,0.999661050265277,0.205035599139083,0.361612448917233,TRUE,FALSE,FALSE,"Treatment only",-0.101367875073101,-0.262550102338672,191451
"K08D8.4",3.31016870186596,1.10235507127692,0.786222862030536,-1.42159076855851,-2.20781363058904,1.43409982826586e-21,0.00536320480809231,0.435906107630417,0.0023059849955288,0.00088888730126202,TRUE,TRUE,TRUE,"Interaction",-0.317683953263986,2.20626188657144,187144
"K08D8.5",-0.521482394430546,-0.762114016275886,-0.212659190447901,-0.453290812293242,-0.24063162184534,0.224518029242862,0.0485394284963613,0.999661050265277,0.38833269668388,0.867625166913273,TRUE,FALSE,FALSE,"Treatment only",-0.332975001370572,-0.641798205353216,178243
"C32H11.4",2.27839483649453,2.74735754559833,0.204988144726035,0.673950853829842,0.468962709103807,4.61355751028803e-15,1.87521166744408e-21,0.999661050265277,0.11741663155387,0.675194668435608,TRUE,FALSE,FALSE,"Treatment only",0.439469499277939,2.51287619104643,178244
"C32H11.12",-0.296230340552593,0.101106793712088,0.393520311574614,0.790857445839295,0.397337134264681,0.250843378407203,0.720094186128713,0.565165851903801,0.00176693909435273,0.576581495994056,FALSE,TRUE,FALSE,"Genotype only",0.592188878706954,-0.0975617734202522,178245
"F55G11.2",0.787634660702427,0.574460294819535,0.250587300784813,0.0374129349019202,-0.213174365882892,0.0425297377844215,0.15126038130139,0.999661050265277,0.958660069343155,0.885088469893228,TRUE,FALSE,FALSE,"Treatment only",0.144000117843366,0.681047477760981,186337
"K10D11.1",0.995332966170936,1.70882513548693,-0.432335538855041,0.281156630460957,0.713492169315999,1.50012071485009e-05,1.08672746914393e-14,0.625165846692518,0.424157904959294,0.318149763058888,TRUE,FALSE,FALSE,"Treatment only",-0.0755894541970421,1.35207905082894,187266
"K10D11.2",2.80757047714331,1.13747472100554,-0.145942740027402,-1.81603849616517,-1.67009575613777,6.49700972975518e-05,0.174509216836166,0.999661050265277,NA,0.473906122831422,TRUE,FALSE,FALSE,"Treatment only",-0.980990618096287,1.97252259907442,187267
"F26D10.12",2.36439072689582,3.14979301579864,-0.598991443528491,0.186410845374332,0.785402288902823,0.020139671345695,0.00137950935781993,0.999661050265277,NA,0.839326973894406,TRUE,FALSE,FALSE,"Treatment only",-0.20629029907708,2.75709187134723,178506
"ZK6.7",-1.37880891506243,-1.04238176946522,-0.392308296178435,-0.0558811505812182,0.336427145597217,3.33132088121811e-07,0.000237202248478726,0.933042443250755,0.917067850636295,0.752471632152305,TRUE,FALSE,FALSE,"Treatment only",-0.224094723379827,-1.21059534226382,178563
"C14C6.5",-1.26572468721342,-0.476112388135572,0.74840676123886,1.53801906031671,0.789612299077845,0.0113854261403052,0.4101604318711,0.801077292898515,0.0117277821175421,0.62374802430169,TRUE,TRUE,FALSE,"Interaction",1.14321291077778,-0.870918537674495,178574
"R09B5.13",4.07964853312249,5.32791064630987,-0.599651353235113,0.648610759952263,1.24826211318738,0.00028181281316188,1.12346189286231e-06,0.999661050265277,0.726204394150296,0.764711410613414,TRUE,FALSE,FALSE,"Treatment only",0.0244797033585751,4.70377958971618,4926913
"R09B5.9",3.44902551048868,3.78032033314118,0.198310794369596,0.529605617022102,0.331294822652506,2.91306919096685e-10,4.78686162297055e-12,0.999661050265277,0.551775827027829,0.893589704843496,TRUE,FALSE,FALSE,"Treatment only",0.363958205695849,3.61467292181493,178635
"R09B5.3",2.49046934145218,3.46910504610061,-0.0813377807585666,0.897297923889862,0.978635704648428,0.000157769149166843,5.47305403713227e-08,0.999661050265277,0.352047713765347,0.680414682273059,TRUE,FALSE,FALSE,"Treatment only",0.407980071565648,2.97978719377639,178637
"Y46H3B.2",-2.91871373040065,-1.90512416815539,-0.598665686700167,0.414923875545096,1.01358956224526,0.00368838522480671,0.0830862713407436,0.999661050265277,NA,0.78748046691849,TRUE,FALSE,FALSE,"Treatment only",-0.0918709055775354,-2.41191894927802,178656
"Y46H3A.2",2.23904754089607,1.96532635743483,0.785684172784677,0.511962989323444,-0.273721183461233,0.00324983397706124,0.0113234612104404,0.999661050265277,0.666541035828962,0.934941361288795,TRUE,FALSE,FALSE,"Treatment only",0.64882358105406,2.10218694916545,178660
"T27B7.4",2.08324132812469,1.96644112238693,0.250582811168172,0.133782605430413,-0.116800205737759,1.65816142723393e-08,1.82326612153891e-07,0.999661050265277,0.847068691200817,0.949657872668302,TRUE,FALSE,FALSE,"Treatment only",0.192182708299293,2.02484122525581,178708
"C02A12.4",-1.24646804051113,-0.414586654179535,0.166050615131934,0.997932001463527,0.831881386331593,0.009691817996418,0.465931737090684,0.999661050265277,0.112863945434642,0.592341378673598,TRUE,FALSE,FALSE,"Treatment only",0.581991308297731,-0.830527347345331,178772
"C07G3.2",5.72684161348936,3.80225361558928,1.55499677455754,-0.369591223342535,-1.92458799790008,3.63172392091135e-115,4.71296476856228e-52,1.85521230376207e-07,0.362993654186106,1.28603238518663e-05,TRUE,TRUE,TRUE,"Interaction",0.592702775607504,4.76454761453932,182379
"F59B1.8",2.77668804827743,2.2301637983058,0.647773907158679,0.101249657187049,-0.54652424997163,1.95433943063769e-33,1.39430292491802e-21,0.186266192022701,0.819124195720428,0.510434434997587,TRUE,FALSE,FALSE,"Treatment only",0.374511782172864,2.50342592329162,178784
"B0213.6",1.9625759459913,2.53684886921989,0.138470511174192,0.71274343440278,0.574272923228587,2.56586858260015e-08,2.50069010129909e-13,0.999661050265277,0.171196369238156,0.660415670134219,TRUE,FALSE,FALSE,"Treatment only",0.425606972788486,2.2497124076056,178804
"B0213.4",2.08808594396714,2.08454399652402,0.523306045065209,0.519764097622086,-0.00354194744312342,2.66373521492035e-08,3.55248085365374e-08,0.972822399318729,0.371727398109006,0.99867360550327,TRUE,FALSE,FALSE,"Treatment only",0.521535071343648,2.08631497024558,178805
"B0213.2",0.18517036579777,0.86962403755786,-0.00901006713210052,0.675443604627989,0.68445367176009,0.773303637184102,0.0370404531149363,0.999661050265277,0.217153684706165,0.60824619843316,TRUE,FALSE,FALSE,"Treatment only",0.333216768747944,0.527397201677815,178806
"K09D9.1",5.0677324633542,3.02368623266556,1.59579896251869,-0.448247268169955,-2.04404623068864,6.19501042427834e-63,6.69757064916497e-23,2.87122296247804e-05,0.360172003693357,0.00033032066550968,TRUE,TRUE,TRUE,"Interaction",0.573775847174368,4.04570934800988,187208
"C49G7.10",5.62762441061067,3.76595824547339,1.44453826391053,-0.417127901226744,-1.86166616513728,6.10986748690389e-148,5.75141336241709e-67,1.05924690709364e-08,0.22340211451212,4.67309022659549e-07,TRUE,TRUE,TRUE,"Interaction",0.513705181341894,4.69679132804203,183624
"C49G7.5",6.24239190650026,4.00221817144983,1.01585753184492,-1.2243162032055,-2.24017373505043,3.81073262807107e-202,2.53698241243556e-85,0.000220969719462698,3.64690479237558e-07,7.8849832947862e-12,TRUE,TRUE,TRUE,"Interaction",-0.104229335680289,5.12230503897504,183619
"T05B4.11",-0.935897359264159,0.347862511802032,1.12235743033346,2.40611730139966,1.28375987106619,0.00229239807565804,0.326308021266948,0.00223953512659792,5.96649383196826e-16,0.0605887436625647,TRUE,TRUE,FALSE,"Interaction",1.76423736586656,-0.294017423731064,178811
"T05B4.12",-5.52878816568898,-4.97881420471454,1.71671436747509,2.26668832844953,0.549973960974445,0.00994992762439723,0.0142029727048804,0.999661050265277,NA,0.953396431896422,TRUE,FALSE,FALSE,"Treatment only",1.99170134796231,-5.25380118520176,188107
"T05B4.2",2.16509609084487,2.95007955704089,-0.420768196737947,0.364215269458077,0.784983466196025,7.02068831475489e-18,5.00223087925655e-32,0.8589819696284,0.362761008456456,0.360511784414356,TRUE,FALSE,FALSE,"Treatment only",-0.0282764636399349,2.55758782394288,178813
"F39G3.5",-1.99506430797051,-1.4156909853143,-0.25836826333348,0.321005059322737,0.579373322656217,2.94048536477951e-13,1.23616379021063e-06,0.999661050265277,0.487058099400176,0.566962063913041,TRUE,FALSE,FALSE,"Treatment only",0.0313183979946285,-1.7053776466424,178863
"K11D12.5",0.867942725853067,1.07360299800106,-0.262760376273917,-0.0571001041259205,0.205660272147996,3.76084937383353e-05,2.42214287235082e-07,0.999661050265277,0.884095615322338,0.803111270540377,TRUE,FALSE,FALSE,"Treatment only",-0.159930240199919,0.970772861927065,178890
"F08F3.4",0.927610833105494,0.832194288564824,-0.283424858954593,-0.378841403495263,-0.0954165445406698,0.0320508466356507,0.0548246968797398,0.999661050265277,0.53014037324931,0.959402595379108,TRUE,FALSE,FALSE,"Treatment only",-0.331133131224928,0.879902560835159,178924
"CD4.2",2.77510955815151,2.96153728383892,0.104198956378458,0.290626682065867,0.186427725687409,2.10345888889947e-26,9.97315548936358e-30,0.999661050265277,0.502790998473028,0.876782855409427,TRUE,FALSE,FALSE,"Treatment only",0.197412819222162,2.86832342099522,178945
"C14C11.4",-2.16104612167479,-1.4132876992415,-0.711177601840001,0.0365808205932902,0.747758422433291,0.00012848261401299,0.0229744535775608,0.998823840094079,0.976633778446647,0.724195898592285,TRUE,FALSE,FALSE,"Treatment only",-0.337298390623355,-1.78716691045815,178950
"F25B4.9",-1.64762063435678,-1.07055737496089,-0.0926800778259331,0.484383181569959,0.577063259395892,1.39028828096023e-11,3.48835823680769e-05,0.999661050265277,0.188517908014195,0.494775230784065,TRUE,FALSE,FALSE,"Treatment only",0.195851551872013,-1.35908900465883,178958
"F29G9.4",1.62468895446445,0.948558271030785,0.134708940035489,-0.541421743398178,-0.676130683433667,4.06690341837591e-12,0.000164970533143915,0.999661050265277,0.11741663155387,0.392391124299919,TRUE,FALSE,FALSE,"Treatment only",-0.203356401681344,1.28662361274762,178987
"F31F7.1",-1.05781184773969,-0.839762748905441,-0.18228446786225,0.035764630971997,0.218049098834247,0.000284483718932218,0.00576395153791323,0.999661050265277,0.951554819471477,0.853468663108473,TRUE,FALSE,FALSE,"Treatment only",-0.0732599184451264,-0.948787298322565,185179
"K04A8.1",-1.78565246314597,-1.4907939646937,-0.169006984503961,0.125851513948311,0.294858498452273,6.94180114008371e-12,4.69037810530542e-08,0.999661050265277,0.799866151536452,0.782146217433894,TRUE,FALSE,FALSE,"Treatment only",-0.0215777352778251,-1.63822321391983,179047
"ZK1055.7",2.31283822945195,1.78857302931961,0.0843437758251723,-0.439921424307171,-0.524265200132344,2.2979936659069e-23,5.85965712686118e-14,0.999661050265277,0.22269586590143,0.531446731923952,TRUE,FALSE,FALSE,"Treatment only",-0.177788824241,2.05070562938578,179051
"F10G2.3",-1.61953041197879,-2.31178303047182,-0.591703171389577,-1.28395578988261,-0.692252618493029,0.00146131208195985,3.52533450021191e-06,0.999661050265277,0.0645177803413356,0.708403746451709,TRUE,FALSE,FALSE,"Treatment only",-0.937829480636092,-1.9656567212253,184314
"C02H6.2",1.41146686256185,0.31828487888462,0.260642181182213,-0.832539802495017,-1.09318198367723,0.00110555967587561,0.563005433680606,0.999661050265277,0.168911001685159,0.42108234669603,TRUE,FALSE,FALSE,"Treatment only",-0.285948810656402,0.864875870723235,179126
"W02D7.2",-1.56616944331213,-1.73593857328366,-1.18376563850825,-1.35353476847977,-0.169769129971525,6.97751631881412e-07,3.35527872048534e-07,0.00448180991811703,0.00172472351302926,0.908015235422612,TRUE,TRUE,FALSE,"Interaction",-1.26865020349401,-1.6510540082979,189114
"F52E1.5",1.07657114214692,0.929020159569817,0.36773892477561,0.22018794219851,-0.1475509825771,0.0394888181409996,0.0788537156589068,0.999661050265277,0.789272305978412,0.947717396087404,TRUE,FALSE,FALSE,"Treatment only",0.29396343348706,1.00279565085837,3565082
"B0222.4",1.47528076912526,1.68427518118147,0.884258547492284,1.09325295954849,0.20899441205621,3.95758062754321e-06,9.95797180631072e-08,0.131593844304279,0.00947776195544478,0.87938506126585,TRUE,TRUE,FALSE,"Interaction",0.988755753520389,1.57977797515336,181859
"C50F4.8",-0.799188756966727,0.180681858286841,-0.667613200550104,0.312257414703464,0.979870615253568,0.00382367738417891,0.60580695323531,0.1964795874781,0.438343366383204,0.176701871317573,TRUE,FALSE,FALSE,"Treatment only",-0.17767789292332,-0.309253449339943,179332
"F58E6.1",0.81704786364892,0.483118811181898,0.419678457182214,0.0857494047151924,-0.333929052467022,0.00497473480086433,0.125903870507522,0.870456987553804,0.867176757599,0.752784552574706,TRUE,FALSE,FALSE,"Treatment only",0.252713930948703,0.650083337415409,3565291
"C12D8.10",0.259937307607054,-0.179698700961148,0.0824416627248962,-0.357194345843307,-0.439636008568203,0.0743369150830452,0.232519421409665,0.999661050265277,0.0394278744603448,0.22896027069931,FALSE,TRUE,FALSE,"Genotype only",-0.137376341559205,0.040119303322953,179424
"Y22F5A.6",3.41076078737396,2.78267612396652,0.21687604963559,-0.411208613771846,-0.628084663407436,1.52390036074546e-06,0.000153278501121592,0.999661050265277,0.736314258899785,0.832253321552837,TRUE,FALSE,FALSE,"Treatment only",-0.0971662820681276,3.09671845567024,179430
"T19C4.7",0.683213701941075,1.09250906230929,-0.0770110924345778,0.332284267933639,0.409295360368216,0.107150408078759,0.00378829818094216,0.999661050265277,0.552240945688893,0.764541278292853,TRUE,FALSE,FALSE,"Treatment only",0.12763658774953,0.887861382125183,179545
"T27F2.4",3.59776886499123,3.06327194446652,0.209479292096563,-0.325017628428146,-0.534496920524709,1.70970602706377e-55,6.12675506849024e-40,0.999661050265277,0.384402688401646,0.519413855690575,TRUE,FALSE,FALSE,"Treatment only",-0.0577691681657913,3.33052040472888,179599
"K01D12.11",3.19866859469902,3.43535426240906,-0.0380070344823493,0.198678633227686,0.236685667710035,9.41829289489223e-56,1.02182220767181e-63,0.999661050265277,0.568292030475131,0.783784074659831,TRUE,FALSE,FALSE,"Treatment only",0.0803357993726683,3.31701142855404,259654
"F56H9.5",-0.207998919972165,-1.20203459607564,0.227743295790279,-0.766292380313194,-0.994035676103473,0.737371502970657,0.00253938690062443,0.999661050265277,0.159751427125086,0.412528792653536,TRUE,FALSE,FALSE,"Treatment only",-0.269274542261457,-0.705016758023902,179732
"B0365.6",0.636540623957625,0.976749447792633,-0.480524442009176,-0.140315618174168,0.340208823835008,0.10523499715856,0.00563364199737636,0.91583291019607,0.812206314194704,0.791292415722164,TRUE,FALSE,FALSE,"Treatment only",-0.310420030091672,0.806645035875129,179797
"F35E12.2",5.5113107061188,4.12686923130033,1.41038093267308,0.0259394578546098,-1.38444147481847,4.64543121661951e-14,4.19552986676978e-09,0.68621934567206,0.986846389676701,0.592767922809343,TRUE,FALSE,FALSE,"Treatment only",0.718160195263845,4.81908996870957,185304
"F35E12.9",1.8837720180767,0.102765278936774,0.885763463258455,-0.895243275881473,-1.78100673913993,2.69498496371799e-17,0.7630328643017,0.00412354938468188,0.00308455160524931,1.67033398331925e-06,TRUE,TRUE,TRUE,"Interaction",-0.00473990631150928,0.993268648506738,179867
"ZC376.7",1.56956076215307,0.887978669314863,0.340731361154936,-0.340850731683274,-0.681582092838209,3.92244625104006e-20,9.85038086054081e-07,0.62538164954242,0.194769862960208,0.17702904881974,TRUE,FALSE,FALSE,"Treatment only",-5.96852641688295e-05,1.22876971573397,179922
"F23B12.9",2.28499118065727,1.40380638901663,0.0483530219236108,-0.832831769717021,-0.881184791640632,0.0479129150774446,0.261846896657785,0.999661050265277,NA,0.835717830770177,TRUE,FALSE,FALSE,"Treatment only",-0.392239373896705,1.84439878483695,179943
"C25D7.5",5.12123818235169,2.94384156532175,1.51627532910784,-0.661121287922094,-2.17739661702993,1.20707633396439e-114,1.8282828113483e-39,7.8002843397725e-09,0.0436669289877079,3.14931494867388e-09,TRUE,TRUE,TRUE,"Interaction",0.427577020592873,4.03253987383672,182884
"T09F5.9",0.017110601173506,0.958673547036498,-0.186424871358376,0.755138074504615,0.941562945862991,0.982832614854382,0.0258061865182491,0.999661050265277,0.180453848525524,0.46679141429432,TRUE,FALSE,FALSE,"Treatment only",0.28435660157312,0.487892074105002,180025
"T10H4.12",0.752416427511654,0.133276999231017,0.305716560460077,-0.31342286782056,-0.619139428280637,0.0336401997560736,0.769923262237475,0.999661050265277,0.526116068159684,0.580489708152948,TRUE,FALSE,FALSE,"Treatment only",-0.00385315368024147,0.442846713371335,180033
"C29F3.7",2.92547356145384,2.21740992808154,0.519120999657034,-0.188942633715275,-0.708063633372309,3.62775644590002e-29,8.77187011922964e-17,0.641270164378246,0.685192100636247,0.442552192146583,TRUE,FALSE,FALSE,"Treatment only",0.165089182970879,2.57144174476769,180036
"F54B8.4",3.70608179917622,2.38347113804262,2.21756845935855,0.894957798224951,-1.3226106611336,2.51651526711828e-33,5.20189282387514e-14,8.23902412790212e-11,0.0508235475450382,0.12456260410048,TRUE,TRUE,FALSE,"Interaction",1.55626312879175,3.04477646860942,186201
"F35E8.8",5.54217852048045,5.86681946086304,0.208329619582632,0.532970559965227,0.324640940382595,4.0687639543439e-60,3.44286533804806e-67,0.999661050265277,0.329500444094404,0.83103643366645,TRUE,FALSE,FALSE,"Treatment only",0.370650089773929,5.70449899067175,185299
"C06C6.5",0.877992316500904,0.640659599376653,0.247391911859441,0.0100591947351904,-0.237332717124251,0.00162041531319187,0.030622375906431,0.999661050265277,0.986846389676701,0.829571376834681,TRUE,FALSE,FALSE,"Treatment only",0.128725553297316,0.759325957938779,180067
"C06C6.4",1.90888612226874,0.883377679457923,0.487638519343843,-0.537869923466971,-1.02550844281081,1.19212164407405e-09,0.0129367294378483,0.894837510821906,0.261682039795853,0.311733884832975,TRUE,FALSE,FALSE,"Treatment only",-0.0251157020615638,1.39613190086333,180068
"F44G3.6",1.72198338150615,1.38570495051685,0.0531325694989619,-0.283145861490332,-0.336278430989293,6.80639528449456e-29,1.24482908593808e-18,0.999661050265277,0.243303137804266,0.557140474372095,TRUE,FALSE,FALSE,"Treatment only",-0.115006645995685,1.5538441660115,180081
"F10A3.4",-0.89389039930667,0.357221035799692,-1.38843597915224,-0.137324544045879,1.25111143510636,0.0274140378862601,0.447823756006775,0.00315410777830484,0.839607369875467,0.253004008459075,TRUE,TRUE,FALSE,"Interaction",-0.76288026159906,-0.268334681753489,180084
"F28G4.1",-3.99385945954647,-2.97884573516827,-0.0756456067338264,0.93936811764437,1.0150137243782,1.37280175381967e-40,3.2207790709882e-22,0.999661050265277,0.0376243077488907,0.313293446751745,TRUE,TRUE,FALSE,"Interaction",0.431861255455272,-3.48635259735737,180093
"F13A7.11",4.28238055882419,2.69038575803167,0.712350161794059,-0.879644638998467,-1.59199480079253,1.12296651743399e-37,4.95785627554737e-15,0.564988112333898,0.0776764973217571,0.0605887436625647,TRUE,FALSE,FALSE,"Treatment only",-0.0836472386022043,3.48638315842793,184406
"T03E6.7",0.866984704097345,1.31808482380213,0.117305496353975,0.568405616058755,0.45110011970478,0.0301879710699503,0.000355770306555225,0.999661050265277,0.282671713524946,0.744542107576024,TRUE,FALSE,FALSE,"Treatment only",0.342855556206365,1.09253476394974,180111
"Y70C5C.6",1.72815842657088,0.0522202383645336,1.2298180270395,-0.446120161166845,-1.67593818820634,1.87002030454675e-06,0.929922917033942,0.0188784941881988,0.426573291154789,0.044334853707714,TRUE,TRUE,TRUE,"Interaction",0.391848932936327,0.890189332467705,180115
"T25E12.4",-0.782679222407883,-0.856959605575118,-0.126144088650051,-0.200424471817285,-0.0742803831672346,0.0554585092246842,0.0296815299205159,0.999661050265277,0.744749692394021,0.96577069262378,TRUE,FALSE,FALSE,"Treatment only",-0.163284280233668,-0.8198194139915,180121
"ZK218.5",0.103581711394644,1.20646029534164,-7.68377774183736,-6.58089915789036,1.102878583947,0.967026342640777,0.655602814578147,6.74072087991984e-05,NA,0.876656353625014,FALSE,TRUE,FALSE,"Genotype only",-7.13233844986386,0.655021003368143,191245
"C06H5.7",0.449330152550992,0.184061490525493,0.261557455928629,-0.00371120609686967,-0.265268662025498,0.003729383632866,0.304424007474414,0.679669473537978,0.990079063932307,0.610026025299244,TRUE,FALSE,FALSE,"Treatment only",0.12892312491588,0.316695821538243,259679
"F16H6.10",2.74623362530523,2.29225990660028,-0.169075879366094,-0.623049598071037,-0.453973718704942,2.00344152335964e-29,2.83068091161304e-20,0.999661050265277,0.0895484993625551,0.619055692321176,TRUE,FALSE,FALSE,"Treatment only",-0.396062738718566,2.51924676595276,180190
"C08E8.4",2.51498032174391,1.90510649099845,0.792106809323353,0.182232978577902,-0.609873830745451,1.74941182638596e-19,2.8214693899208e-11,0.15373110626154,0.716389058392311,0.547559216932954,TRUE,FALSE,FALSE,"Treatment only",0.487169893950627,2.21004340637118,182409
"ZK228.4",3.76761090885397,2.03471834674924,1.09164774867386,-0.641244813430878,-1.73289256210474,1.40114263916498e-40,4.48151001090115e-12,0.00868103086711579,0.138477670104704,0.00211802648353911,TRUE,TRUE,TRUE,"Interaction",0.225201467621491,2.9011646278016,180201
"F11D11.3",5.37093791151541,5.03092934223792,1.00693355165356,0.666924982376062,-0.340008569277493,1.08519772399296e-07,2.52414036674189e-07,0.999661050265277,NA,0.942176074268783,TRUE,FALSE,FALSE,"Treatment only",0.836929267014809,5.20093362687666,184350
"Y43F8B.2",0.819185611153163,0.720596645134635,0.113988895604231,0.0153999295857035,-0.098588966018528,0.00665622722488041,0.0190026381710489,0.999661050265277,0.980633193370755,0.939692575968644,TRUE,FALSE,FALSE,"Treatment only",0.0646944125949675,0.769891128143899,180278
"Y38H6C.8",3.34447027097049,4.18236650273304,-0.458578008052817,0.379318223709737,0.837896231762554,1.59597302372394e-17,1.73450955558859e-26,0.999661050265277,0.555917285832114,0.564080006892794,TRUE,FALSE,FALSE,"Treatment only",-0.0396298921715403,3.76341838685177,189689
"Y38H6C.11",2.39184529815218,1.22994881316215,0.252643544050815,-0.909252940939214,-1.16189648499003,1.03563556128101e-18,2.84677712989479e-05,0.999661050265277,0.0190622615020122,0.119395717663149,TRUE,TRUE,FALSE,"Interaction",-0.328304698444199,1.81089705565717,189692
"F31D4.4",1.0622624858509,1.30714014602166,-0.123045764984824,0.12183189518594,0.244877660170764,0.000752175414099682,2.38293398408814e-05,0.999661050265277,0.826074276036084,0.846455419830177,TRUE,FALSE,FALSE,"Treatment only",-0.000606934899442149,1.18470131593628,185147
"F56F10.1",-0.678052772653921,-0.655591001298728,-0.245849088036535,-0.223387316681342,0.0224617713551929,0.011198443800483,0.0148099703485849,0.999661050265277,0.56900666736594,0.986213159815609,TRUE,FALSE,FALSE,"Treatment only",-0.234618202358939,-0.666821886976325,24104657
"ZC13.3",0.751798415210327,0.36477839276722,-0.0948515303930134,-0.48187155283612,-0.387020022443106,0.0285974975974174,0.344222552890625,0.999661050265277,0.298420033156346,0.746631077593818,TRUE,FALSE,FALSE,"Treatment only",-0.288361541614567,0.558288403988773,180439
"D1005.3",3.21243990138982,1.77779572988277,0.826481781238909,-0.608162390268145,-1.43464417150705,4.58133024234011e-13,0.000198303301620021,0.686878182079928,0.386591048264951,0.320115236298893,TRUE,FALSE,FALSE,"Treatment only",0.109159695485382,2.49511781563629,180481
"F40F4.6",-1.20299481383918,-1.41886881872899,-0.0223343776028473,-0.238208382492653,-0.215874004889806,0.00300094190834743,0.000342034398300711,0.999661050265277,0.715537860790711,0.898900559514042,TRUE,FALSE,FALSE,"Treatment only",-0.13027138004775,-1.31093181628409,180613
"C04F6.3",1.62794084252436,1.63306822711596,-0.447387417073826,-0.442260032482226,0.00512738459159974,1.25469194618949e-05,1.51332570679414e-05,0.999661050265277,0.440096594069543,0.998615513406581,TRUE,FALSE,FALSE,"Treatment only",-0.444823724778026,1.63050453482016,180628
"C42D8.1",0.547850034412286,1.58003486541789,-0.279597537368923,0.752587293636679,1.0321848310056,0.144696507979368,2.56712780844942e-07,0.999661050265277,0.0816285085442037,0.273674816085184,TRUE,FALSE,FALSE,"Treatment only",0.236494878133878,1.06394244991509,180782
"K10C2.3",-0.776390533860846,-0.664222308225149,0.359289156008551,0.471457381644247,0.112168225635696,0.0303909889905957,0.066165954323364,0.999661050265277,0.328522528344705,0.939692575968644,TRUE,FALSE,FALSE,"Treatment only",0.415373268826399,-0.720306421042998,180917
"C54D1.6",-0.695409907794414,-0.734632365206784,-0.0987849761866664,-0.138007433599036,-0.03922245741237,0.0580785142181951,0.039416886139763,0.999661050265277,0.810664207423211,0.980214033779405,TRUE,FALSE,FALSE,"Treatment only",-0.118396204892851,-0.715021136500599,180982
"T08A9.7",-1.67691553773346,-0.42482861996302,-0.411762455612172,0.840324462158269,1.25208691777044,4.69762696133904e-07,0.301917451475093,0.999661050265277,0.0739350362008619,0.182820519476484,TRUE,FALSE,FALSE,"Treatment only",0.214281003273049,-1.05087207884824,180993
"T08A9.12",-3.56923904539154,-3.10163602690819,-0.576078950444813,-0.108475931961472,0.467603018483342,1.86637826054719e-31,2.98276370090705e-23,0.706081996177346,0.860957533832612,0.706210344180855,TRUE,FALSE,FALSE,"Treatment only",-0.342277441203143,-3.33543753614986,259714
"T08A9.9",-2.09188602259657,-0.900647950855115,-0.320673346513755,0.870564725227698,1.19123807174145,1.62604135673031e-11,0.00977445858108775,0.999661050265277,0.0526205521220304,0.188775221256495,TRUE,FALSE,FALSE,"Treatment only",0.274945689356971,-1.49626698672584,180994
"PDB1.1",-1.20578246948486,-1.37091181653069,-0.291322179374109,-0.456451526419933,-0.165129347045824,1.10836327336963e-09,1.17641489949459e-11,0.933042443250755,0.124334210930547,0.847506524653497,TRUE,FALSE,FALSE,"Treatment only",-0.373886852897021,-1.28834714300778,181016
"R03G5.2",1.40826280132472,0.859941300190005,0.315307951493684,-0.233013549641032,-0.548321501134716,3.60298848777458e-12,6.85254593142736e-05,0.894837510821906,0.479047779528079,0.42664544402285,TRUE,FALSE,FALSE,"Treatment only",0.0411472009263262,1.13410205075736,181043
"K07E3.8",0.515252696713356,0.956601217015236,0.108850494145667,0.550199014447546,0.441348520301879,0.0596588924227888,8.277103583336e-05,0.999661050265277,0.100328424036834,0.595534533115275,TRUE,FALSE,FALSE,"Treatment only",0.329524754296607,0.735926956864296,181066
"T01B10.4",-0.437915479032973,-0.712082607235292,0.0500447384350439,-0.224122389767275,-0.274167128202319,0.244749287532904,0.029837954266047,0.999661050265277,0.645099691176309,0.818992870477159,TRUE,FALSE,FALSE,"Treatment only",-0.0870388256661156,-0.574999043134132,181102
"F53A9.6",1.02251487338125,1.26184014073006,0.00496676705675664,0.24429203440557,0.239325267348813,0.000686547509263157,1.75674151257813e-05,0.999661050265277,0.600663721891649,0.842591272073175,TRUE,FALSE,FALSE,"Treatment only",0.124629400731163,1.14217750705566,186145
"F53A9.8",-0.946483604309669,-0.178223365705023,-0.319497622910023,0.448762615694624,0.768260238604646,0.0187779418572346,0.730157548376411,0.999661050265277,0.42166821259717,0.532903364023486,TRUE,FALSE,FALSE,"Treatment only",0.0646324963923005,-0.562353485007346,181118
"F18G5.3",-0.686775623493565,-1.09636342898322,0.372372753966576,-0.0372150515230745,-0.409587805489651,0.00988865158942961,1.39925494439753e-05,0.883539069902923,0.942002847268782,0.645467887454928,TRUE,FALSE,FALSE,"Treatment only",0.167578851221751,-0.891569526238391,181157
"F18G5.6",0.719022503631066,0.475163037195746,-0.0592298226005036,-0.303089289035824,-0.243859466435321,5.01901749892738e-05,0.0132248882283192,0.999661050265277,0.241505974901401,0.713331413389371,TRUE,FALSE,FALSE,"Treatment only",-0.181159555818164,0.597092770413406,184656
"C07B5.5",-1.43653485138832,-1.42776069477073,-0.358699898449618,-0.349925741832033,0.00877415661758535,6.7280642396662e-11,2.50622159430401e-10,0.845984696976947,0.314731332705897,0.995842592774299,TRUE,FALSE,FALSE,"Treatment only",-0.354312820140825,-1.43214777307953,181174
"R07B1.10",-1.66190893011347,-0.478469256058208,-0.574679001777651,0.608760672277615,1.18343967405527,2.01060449629769e-07,0.216743520975978,0.693988221476997,0.196750368521914,0.203819743587393,TRUE,FALSE,FALSE,"Treatment only",0.0170408352499823,-1.07018909308584,181198
"C09F12.1",1.85461950658072,1.42882517589247,0.230113050666972,-0.195681280021284,-0.425794330688256,1.98458594779085e-10,2.47642397220185e-06,0.999661050265277,0.701379956284551,0.708684142644556,TRUE,FALSE,FALSE,"Treatment only",0.0172158853228441,1.6417223412366,181293
"ZK455.7",2.23997488805684,1.18079081537477,0.372388567071671,-0.686795505610401,-1.05918407268207,3.1943975146923e-17,3.78996568819417e-05,0.990247236588494,0.080229841283691,0.173857503056943,TRUE,FALSE,FALSE,"Treatment only",-0.157203469269365,1.71038285171581,181326
"F46G10.7",0.517670516242121,1.04885021505736,-0.345304766416048,0.185874932399192,0.53117969881524,0.14087136647743,0.000520133405467872,0.999661050265277,0.70542342943386,0.605533356340999,TRUE,FALSE,FALSE,"Treatment only",-0.0797149170084282,0.783260365649741,181455
"F18H3.4",1.6896921681457,0.691844642721847,0.402728887271884,-0.595118638151969,-0.997847525423852,1.65621988723696e-15,0.00372198899631102,0.679004124978389,0.0560462673727444,0.0582340466239053,TRUE,FALSE,FALSE,"Treatment only",-0.0961948754400423,1.19076840543377,181474
"F54B11.11",-3.87269287240639,-2.80454662284468,-1.91785645368105,-0.849710204119339,1.06814624956172,0.00147371523150018,0.0413386756726745,0.767824460578985,NA,0.829571376834681,TRUE,FALSE,FALSE,"Treatment only",-1.3837833289002,-3.33861974762554,186218
"F28H6.1",0.450446917997053,-0.0624153875623683,0.182513842589459,-0.330348462969962,-0.512862305559421,0.00599732430541219,0.779482986997135,0.999661050265277,0.133202858107186,0.274573593802294,TRUE,FALSE,FALSE,"Treatment only",-0.0739173101902517,0.194015765217342,181524
"M163.11",3.84278051968308,2.44332404351768,-0.244831865827044,-1.64428834199244,-1.3994564761654,0.00587912622675375,0.116679889832439,0.999661050265277,NA,0.78918635089754,TRUE,FALSE,FALSE,"Treatment only",-0.944560103909742,3.14305228160038,3565858
"K09A9.1",2.47459025525525,1.25904262426121,0.392202408436971,-0.823345222557071,-1.21554763099404,4.1105425261892e-15,0.000230628599083141,0.999661050265277,0.0739790583699741,0.196371038924274,TRUE,FALSE,FALSE,"Treatment only",-0.21557140706005,1.86681643975823,181650
"F22H10.2",5.10151783368465,5.27251091497268,-0.866567486274032,-0.695574404985998,0.170993081288034,2.24790130612527e-44,4.83058538867839e-46,0.415268651980854,0.221202268467935,0.927706606884775,TRUE,FALSE,FALSE,"Treatment only",-0.781070945630015,5.18701437432867,184872
